This is pdfTeX, Version 3.141592653-2.6-1.40.25 (MiKTeX 24.1) (preloaded format=pdflatex 2026.7.17)  6 SEP 2026 12:39
entering extended mode
 restricted \write18 enabled.
 %&-line parsing enabled.
**./appendix.tex
(appendix.tex
LaTeX2e <2026-06-01>
L3 programming layer <2026-04-28>
(D:\Application\MiKTeX\tex/latex/base\latexrelease.sty
LaTeX Info: Redefining \IfTargetDateBefore on input line 292.
Package: latexrelease 2026-03-13 v1.0s LaTeX release emulation and tests (inclu
ding releases up to 2026-06-01)
Applying: [2019/10/01] Final dot for extension on input line 587.
Already applied: [0000/00/00] Final dot for extension on input line 604.
Applying: [2021/06/01] tracingstacklevels on input line 615.
Already applied: [0000/00/00] tracingstacklevels on input line 625.
Applying: [2022/06/01] Add a redirection to obeylines and obeyspaces on input l
ine 632.
Already applied: [0000/00/00] Add a redirection to obeylines and obeyspaces on 
input line 649.
Applying: [2021/06/01] \tracingstacklevels and \tracinglostchars =3 on input li
ne 666.
Already applied: [2015/01/01] etex tracing on input line 686.
Already applied: [0000/00/00] etex tracing on input line 720.
Applying: [2015/01/01] turn off etex tracing on input line 728.
Already applied: [2015/01/01] turn off etex tracing on input line 751.
Already applied: [0000/00/00] turn off etex tracing on input line 791.
Applying: [2015/01/01] hide output from tracing on input line 795.
Already applied: [0000/00/00] hide output from tracing on input line 805.
Applying: [2020/10/01] Define several kernel hooks on input line 1026.
Already applied: [0000/00/00] Define several kernel hooks on input line 1038.
Applying: [2020/10/01] Roll forward support on input line 1046.
Applying: [2020/10/01] Pre-load expl3 on input line 1054.
Skipping: expl3 code already part of the format on input line 1058.
Already applied: [2020/02/02] Pre-load expl3 on input line 1098.
Applying: [2020/10/01] expl3 macros added for the 2020-10-01 release on input l
ine 1128.
Already applied: [0000/00/00] expl3 macros added for the 2020-10-01 release on 
input line 1143.
Applying: [2022/06/01] fp and int calculations on input line 1152.
Already applied: [0000/00/00] fp and int calculations on input line 1161.
Applying: [2022/06/01] Some pre-expansion commands on input line 1169.
Already applied: [0000/00/00] Some pre-expansion commands on input line 1182.
Applying: [2025/06/01] Test for expl3 date on input line 1188.
Already applied: [0000/00/00] Test for expl3 date on input line 1194.
Applying: [2025/06/01] Expandable input on input line 1201.
Already applied: [0000/00/00] Expandable input on input line 1207.
Applying: [2020/10/01] Allow "par" in \typeout  on input line 1213.
Already applied: [0000/00/00] Allow "par" in \typeout  on input line 1220.
Applying: [2020/10/01] Make \@carcube long on input line 1225.
Already applied: [0000/00/00] Undo: Make \@carcube long on input line 1228.
Skipping: [2025/11/01] Macros without args are short on input line 1232.
Applying: [0000/00/00] Macros without args are short on input line 1240.
Skipping: [2025/11/01] Macros without args are short on input line 1249.
Applying: [0000/00/00] Macros without args are short on input line 1261.
Applying: [2022/11/01] protected edef on input line 1272.
Already applied: [00/00/00] protected edef on input line 1277.
Skipping: [2025/11/01] Macros without args are short on input line 1282.
Applying: [0000/00/00] Macros without args are short on input line 1297.
Applying: [2020/10/01] \MakeRobust  on input line 1317.
Already applied: [2019/10/01] \MakeRobust  on input line 1356.
Already applied: [2015/01/01] \MakeRobust  on input line 1383.
Already applied: [0000/00/00] \MakeRobust  on input line 1410.
Applying: [2020/10/01] Undo robustness on input line 1415.
Already applied: [0000/00/00] Undo robustness on input line 1431.
Applying: [2020-10-01] Add \robust@command@act  on input line 1444.
Already applied: [0000-00-00] Add \robust@command@act  on input line 1480.
Applying: [2020-10-01] Add \NewCommandCopy , \RenewCommandCopy , and \DeclareCo
mmandCopy  on input line 1490.
Already applied: [0000-00-00] Undefine \NewCommandCopy , \RenewCommandCopy , an
d \DeclareCommandCopy  on input line 1518.
Applying: [2023-06-01] Add \NewEnvironmentCopy , \RenewEnvironmentCopy , and \D
eclareEnvironmentCopy  on input line 1527.
Already applied: [0000-00-00] Undefine \NewEnvironmentCopy , \RenewEnvironmentC
opy , and \DeclareEnvironmentCopy  on input line 1550.
Applying: [2020-10-01] Add \ShowCommand  on input line 1556.
Already applied: [0000-00-00] Undefine \ShowCommand  on input line 1566.
Applying: [2020-10-01] Add \@if@DeclareRobustCommand , \@if@newcommand , \@copy
@DeclareRobustCommand , \@copy@newcommand , \@show@DeclareRobustCommand , \@sho
w@newcommand  on input line 1573.
Already applied: [0000-00-00] Undefine \@if@DeclareRobustCommand , \@if@newcomm
and , \@copy@DeclareRobustCommand , \@copy@newcommand , \@show@DeclareRobustCom
mand , \@show@newcommand  on input line 1670.
Applying: [2023-06-01] Add \ShowEnvironment  on input line 1682.
Already applied: [0000-00-00] Undefine \ShowEnvironment  on input line 1729.
Applying: [2018-04-01] Leave commands undefined in \@ifundefined  on input line
 1733.
Already applied: [0000-00-00] Leave commands undefined in \@ifundefined  on inp
ut line 1761.
Applying: [2020/10/01] Add \string@makeletter  on input line 1770.
Already applied: [0000/00/00] Undefine \string@makeletter  on input line 1786.
Applying: [2020/10/01] Use primitive \- in Lua\LaTeX  on input line 1791.
LaTeX Info: Redefining \- on input line 1793.
Already applied: [2017/04/15] Use \hyphenchar in \- on input line 1806.
Already applied: [0000/00/00] Use \hyphenchar in \- on input line 1817.
Applying: [2019/10/01] Make various commands robust on input line 1822.
LaTeX Info: Command `\allowbreak' is already robust on input line 1823.
LaTeX Info: Command `\bigbreak' is already robust on input line 1824.
LaTeX Info: Command `\break' is already robust on input line 1825.
LaTeX Info: Command `\dotfill' is already robust on input line 1826.
LaTeX Info: Command `\frenchspacing' is already robust on input line 1827.
LaTeX Info: Command `\goodbreak' is already robust on input line 1828.
LaTeX Info: Command `\hrulefill' is already robust on input line 1829.
LaTeX Info: Command `\medbreak' is already robust on input line 1830.
LaTeX Info: Command `\nobreak' is already robust on input line 1831.
LaTeX Info: Command `\nonfrenchspacing' is already robust on input line 1832.
LaTeX Info: Command `\obeylines' is already robust on input line 1833.
LaTeX Info: Command `\obeyspaces' is already robust on input line 1834.
LaTeX Info: Command `\slash' is already robust on input line 1835.
LaTeX Info: Command `\smallbreak' is already robust on input line 1836.
LaTeX Info: Command `\strut' is already robust on input line 1837.
LaTeX Info: Command `\underbar' is already robust on input line 1838.
Already applied: [0000/00/00] Make various commands robust on input line 1841.
BEGIN module: ltcmd (2020/10/01) on input line 1868.
              Document command parser.
Skipping module ltcmd on input line 1868.
Applying: [2024/11/01] Use space-trimmed envname directly on input line 2087.
Already applied: [2024/06/01] Use space-trimmed envname directly on input line 
2101.
Applying: [2021/11/15] Support \NewCommandCopy in ltcmd on input line 2988.
Already applied: [2020/10/01] Support \NewCommandCopy in ltcmd on input line 30
40.
Applying: [2023/06/01] Distinguish non-expandable document commands on input li
ne 3043.
Already applied: [2021/11/15] Support \NewCommandCopy in ltcmd on input line 30
58.
Already applied: [2020/10/01] Support \NewCommandCopy in ltcmd on input line 30
71.
Applying: [2021/11/15] Support \NewCommandCopy in ltcmd on input line 3086.
Already applied: [2020/10/01] Support \NewCommandCopy in ltcmd on input line 32
04.
Applying: [2021/11/15] Support \ShowCommand in ltcmd on input line 3207.
Already applied: [2020/10/01] Support \ShowCommand in ltcmd on input line 3236.

Applying: [2023/06/01] Distinguish non-expandable document commands on input li
ne 3239.
Already applied: [2021/11/15] Support \ShowCommand in ltcmd on input line 3248.

Already applied: [2020/10/01] Support \ShowCommand in ltcmd on input line 3256.

Applying: [2021/11/15] Support \ShowCommand in ltcmd on input line 3259.
Already applied: [2020/10/01] Support \ShowCommand in ltcmd on input line 3425.

Applying: [2025/06/01] Active spaces and tabs on input line 4051.
Already applied: [2020/10/01] Active spaces and tabs on input line 4064.
Applying: [2025-06-01] Use more std catcodes on input line 4095.
Already applied: [2024/06/01] Endlines as \obeyedline  on input line 4107.
Already applied: [2020/10/01] Endlines as \obeyedline  on input line 4123.
Applying: [2024/11/01] Trim spaces from envname first on input line 4995.
Already applied: [2024/06/01] Trim spaces from envname first on input line 5048
.
Applying: [2022/06/01] Testing for empty or blank on input line 5156.
Already applied: [2021/11/15] Testing for empty or blank on input line 5162.
Skipping: [0000/00/00] Document command parser on input line 5178.
END module: ltcmd (2020/10/01) on input line 5180.
BEGIN module: lthooks (2020/10/01) on input line 5188.
              The hook management system.
Skipping module lthooks on input line 5188.
Applying: [2023/06/01] Hooks with args on input line 5246.
Already applied: [2020/10/01] Hooks with args on input line 5265.
Applying: [2023/06/01] Hooks with args on input line 5281.
Already applied: [2020/10/01] Hooks with args on input line 5309.
Applying: [2023/06/01] Hooks with args on input line 5325.
Already applied: [2020/10/01] Hooks with args on input line 5337.
Applying: [2023/06/01] Hooks with args on input line 5349.
Already applied: [2020/10/01] Hooks with args on input line 5365.
Applying: [2023/06/01] Hooks with args on input line 5378.
Already applied: [2020/10/01] Hooks with args on input line 5398.
Applying: [2023/06/01] Hooks with args on input line 5408.
Already applied: [2020/10/01] Hooks with args on input line 5428.
Applying: [2021/06/01] Disable hooks on input line 5443.
Already applied: [2020/10/01] Disable hooks on input line 5461.
Applying: [2023/06/01] Providing hooks on input line 5467.
Already applied: [2021/06/01] Providing hooks on input line 5487.
Already applied: [2020/10/01] Providing hooks on input line 5505.
Applying: [2023/06/01] Hooks with args on input line 5676.
Already applied: [2020/10/01] Providing hooks on input line 5786.
Applying: [2023/06/01] Hooks with args on input line 5837.
Already applied: [2020/10/01] Hooks with args on input line 5854.
Applying: [2023/06/01] Hooks with args on input line 5864.
Already applied: [2021/11/15] Standardize generic hook names on input line 5882
.
Already applied: [2020/10/01] Standardize generic hook names on input line 5903
.
Applying: [2023/06/01] Hooks with args on input line 5937.
Already applied: [2021/11/15] Standardize generic hook names on input line 5995
.
Already applied: [2021/06/01] Support cmd hooks on input line 6025.
Already applied: [2020/10/01] Support cmd hooks on input line 6057.
Applying: [2021/11/15] Standardize generic hook names on input line 6083.
Already applied: [2020/10/01] Standardize generic hook names on input line 6086
.
Applying: [2021/11/15] Standardize generic hook names on input line 6106.
Already applied: [2020/10/01] Standardize generic hook names on input line 6109
.
Applying: [2021/11/15] Standardize generic hook names on input line 6122.
Already applied: [2020/10/01] Standardize generic hook names on input line 6140
.
Applying: [2021/11/15] Standardize generic hook names on input line 6145.
Already applied: [2020/10/01] Standardize generic hook names on input line 6148
.
Applying: [2023/06/01] Hooks with args on input line 6157.
Already applied: [2020/10/01] Hooks with args on input line 6162.
Applying: [2023/06/01] Hooks with args on input line 6165.
Already applied: [2020/10/01] Hooks with args on input line 6202.
Applying: [2023/06/01] Hooks with args on input line 6239.
Already applied: [2020/10/01] Hooks with args on input line 6289.
Applying: [2023/06/01] Hooks with args on input line 6296.
Already applied: [2020/10/01] Hooks with args on input line 6312.
Applying: [2023/06/01] Hooks with args on input line 6319.
Already applied: [2020/10/01] Hooks with args on input line 6339.
Applying: [2023/06/01] Hooks with args on input line 6343.
Already applied: [2020/10/01] Hooks with args on input line 6395.
Applying: [2023/06/01] Hooks with args on input line 6399.
Already applied: [2020/10/01] Hooks with args on input line 6415.
Applying: [2023/06/01] Hooks with args on input line 6419.
Already applied: [2020/10/01] Hooks with args on input line 6447.
Applying: [2023/06/01] Hooks with args on input line 6450.
Already applied: [2020/10/01] Hooks with args on input line 6473.
Applying: [2023/06/01] Hooks with args on input line 6477.
Already applied: [2020/10/01] Hooks with args on input line 6494.
Applying: [2023/06/01] Hooks with args on input line 6502.
Already applied: [2020/10/01] Hooks with args on input line 6506.
Applying: [2022/06/01] Refuse setting rule for one-time hooks on input line 651
5.
Already applied: [2020/10/01] Refuse setting rule for one-time hooks on input l
ine 6546.
Applying: [2023/06/01] Hooks with args on input line 6627.
Already applied: [2020/10/01] Hooks with args on input line 6653.
Applying: [2023/06/01] Hooks with args on input line 6678.
Already applied: [2020/10/01] Hooks with args on input line 6712.
Applying: [2023/06/01] Hooks with args on input line 6758.
Already applied: [2020/10/01] Hooks with args on input line 6840.
Applying: [2023/06/01] Hooks with args on input line 7047.
Already applied: [2020/10/01] Hooks with args on input line 7164.
Applying: [2023/06/01] Hooks with args on input line 7267.
Already applied: [2020/10/01] Hooks with args on input line 7272.
Applying: [2023/06/01] Hooks with args on input line 7336.
Already applied: [2020/10/01] Hooks with args on input line 7367.
Applying: [2023/06/01] Hooks with args on input line 7385.
Already applied: [2020/10/01] Hooks with args on input line 7398.
Applying: [2023/06/01] Hooks with args on input line 7416.
Already applied: [2020/10/01] Hooks with args on input line 7421.
Applying: [2023/06/01] Hooks with args on input line 7426.
Already applied: [2021/11/15] Standardize generic hook names on input line 7448
.
Already applied: [2020/10/01] Standardize generic hook names on input line 7468
.
Applying: [2023/06/01] Hooks with args on input line 7498.
Already applied: [2020/10/01] Hooks with args on input line 7516.
Applying: [2023/06/01] Hooks with args on input line 7521.
Already applied: [2020/10/01] Hooks with args on input line 7531.
Applying: [2021/11/15] Standardize generic hook names on input line 7535.
Already applied: [2020/10/01] Standardize generic hook names on input line 7538
.
Applying: [2023/06/01] Hooks with args on input line 7565.
Already applied: [2020/10/01] Hooks with args on input line 7580.
Applying: [2023/06/01] Hooks with args on input line 7591.
Already applied: [2020/10/01] Hooks with args on input line 7609.
Applying: [2023/06/01] Hooks with args on input line 7620.
Already applied: [2020/10/01] Hooks with args on input line 7632.
Applying: [2023/06/01] Hooks with args on input line 7655.
Already applied: [2020/10/01] Hooks with args on input line 7672.
Applying: [2023/06/01] Hooks with args on input line 7738.
Already applied: [2020/10/01] Hooks with args on input line 7754.
Applying: [2023/06/01] Hooks with args on input line 7811.
Already applied: [2020/10/01] Hooks with args on input line 7840.
Applying: [2023/06/01] Hooks with args on input line 7948.
Already applied: [2020/10/01] Hooks with args on input line 7957.
Applying: [2021/06/01] Providing hooks on input line 7963.
Already applied: [2020/10/01] Providing hooks on input line 7970.
Applying: [2023/06/01] Hooks with args on input line 7975.
Already applied: [2020/10/01] Hooks with args on input line 7982.
Applying: [2023/06/01] Hooks with args on input line 7986.
Already applied: [2020/10/01] Hooks with args on input line 7993.
Applying: [2023/06/01] Hooks with args on input line 8013.
Already applied: [2020/10/01] Hooks with args on input line 8020.
Skipping: [0000/00/00] The hook management on input line 8114.
END module: lthooks (2020/10/01) on input line 8142.
BEGIN module: ltcmdhooks (2021/06/01) on input line 8186.
              The hook management system for commands.
Skipping module ltcmdhooks on input line 8186.
Applying: [2024/12/22] Don't define command on input line 8202.
Already applied: [2021/11/15] Standardise generic hook names on input line 8219
.
Already applied: [2021/06/01] Standardise generic hook names on input line 8230
.
Applying: [2023/06/01] cmd hooks with args on input line 8352.
Already applied: [2021/06/01] cmd hooks with args on input line 8427.
Applying: [2023/06/01] cmd hooks with args on input line 8618.
Already applied: [2021/06/01] cmd hooks with args on input line 8637.
Applying: [2023/06/01] cmd hooks with args on input line 8683.
Already applied: [2021/06/01] cmd hooks with args on input line 8708.
Applying: [2023/06/01] cmd hooks with args on input line 8712.
Already applied: [2021/06/01] cmd hooks with args on input line 8759.
Applying: [2023/06/01] Standardise generic hook names on input line 8786.
Already applied: [2021/06/01] Standardise generic hook names on input line 8789
.
Skipping: [0000/00/00] The hook management system for commands on input line 88
19.
END module: ltcmdhooks (2021/06/01) on input line 8823.
BEGIN module: ltsockets (2023/11/01) on input line 8829.
              The socket management system.
Skipping module ltsockets on input line 8829.
Skipping: [0000/00/00] The socket management (undo) on input line 9036.
END module: ltsockets (2023/11/01) on input line 9059.
BEGIN module: lttemplates (2024/06/01) on input line 9065.
              Prototype document commands.
Skipping module lttemplates on input line 9065.
Skipping: [0000/00/00] Prototype document commands on input line 10338.
END module: lttemplates (2024/06/01) on input line 10340.
Applying: [2021/11/15] Notes for classes/packages on input line 10346.
Already applied: [0000/00/00] Notes for classes/packages on input line 10365.
Applying: [2021/11/15] Display notes on input line 10369.
Already applied: [0000/00/00] Display notes on input line 10381.
BEGIN module: ltpara (2021/06/01) on input line 10395.
              Paragraph handling and hooks.
Skipping module ltpara on input line 10395.
Applying: [2023/06/01] minipage fix on input line 10403.
Already applied: [2021/06/01] minipage fix on input line 10435.
Skipping: [0000/00/00] Undo hooks for paragraphs on input line 10558.
END module: ltpara (2021/06/01) on input line 10573.
BEGIN module: ltmeta (2022/06/01) on input line 10581.
              Document Metadata handling.
Skipping module ltmeta on input line 10581.
Skipping: [2026/06/01] Record target name for tagging support on input line 106
37.
Applying: [2024/11/01] Record target name for tagging support on input line 107
15.
Already applied: [2022/06/01] Record target name for tagging support on input l
ine 10739.
Skipping: [0000/00/00] Undo Document Metadata handling on input line 10754.
END module: ltmeta (2022/06/01) on input line 10758.
Applying: [2019/10/01] Make commands robust on input line 10762.
LaTeX Info: Redefining \pagebreak on input line 10763.
LaTeX Info: Redefining \nopagebreak on input line 10764.
LaTeX Info: Redefining \linebreak on input line 10765.
LaTeX Info: Redefining \nolinebreak on input line 10766.
LaTeX Info: Redefining \samepage on input line 10767.
Already applied: [0000/00/00] Make commands robust on input line 10778.
Applying: [2020/02/02] Make robust on input line 10788.
Already applied: [0000/00/00] Make robust on input line 10798.
Applying: [2020/10/01] Add calc support on input line 10811.
Already applied: [0000/00/00] Add calc support on input line 10815.
Applying: [2020/10/01] \newline calc support on input line 10820.
Already applied: [0000/00/00] \newline calc support on input line 10825.
Skipping: [2026/06/01] chained space hacks on input line 10831.
Applying: [2018/10/10] hyphenation and nobreak after space hack on input line 1
0851.
Already applied: [2015/10/01] hyphenation and nobreak after space hack on input
 line 10870.
Already applied: [2015/01/01] hyphenation and nobreak after space hack on input
 line 10884.
Already applied: [0000/00/00] hyphenation and nobreak after space hack on input
 line 10896.
Applying: [2015/01/01] hyphenation after space hack on input line 10907.
Already applied: [0000/00/00] hyphenation after space hack on input line 10920.

Applying: [2024/11/01] drop unnecessary no-item error on input line 10932.
Already applied: [2020/10/01] \addvspace calc support on input line 10946.
Already applied: [0000/00/00] \addvspace calc support on input line 10962.
Applying: [2024/11/01] \addpenalty drop error on input line 10979.
Already applied: [2015/01/01] \addpenalty  on input line 11011.
Already applied: [0000/00/00] \addpenalty  on input line 11045.
Applying: [2020/10/01] Support calc in \vspace  on input line 11067.
Already applied: [0000/00/00] Support calc in \vspace  on input line 11099.
Applying: [2023/11/01] Protected tilde on input line 11132.
Already applied: [0000/00/00] Protected tilde on input line 11141.
Applying: [2023/11/01] Obeyed tabs on input line 11145.
Already applied: [0000/00/00] Obeyed tabs on input line 11149.
Applying: [2015/01/01] Space after \@  on input line 11153.
Already applied: [0000/00/00] Space after \@  on input line 11157.
Applying: [2020/10/01] Support calc with \hspace  on input line 11161.
Already applied: [0000/00/00] Support calc with \hspace  on input line 11166.
Applying: [2018/12/01] Start LR-mode on input line 11172.
LaTeX Info: Redefining \enspace on input line 11173.
Already applied: [0000/00/00] Start LR-mode on input line 11177.
Applying: [2020/10/01] Added hook to load l3backend code on input line 11186.
Already applied: [2017/04/15] Save language for hyphenation on input line 11257
.
Already applied: [0000/00/00] Save language for hyphenation on input line 11315
.
Applying: [2025/06/01] Allow for immediate write on input line 11369.
Already applied: [0000/00/00] Allow for immediate write on input line 11381.
Applying: [2020/10/01] Spaces in file names on input line 11394.
Already applied: [2019/10/01] Spaces in file names on input line 11430.
Already applied: [0000/00/00] Spaces in file names on input line 11451.
Applying: [2022/06/01] Spaces in file names and hooks on input line 11463.
Already applied: [2020/10/01] Spaces in file names and hooks on input line 1151
5.
Already applied: [0000/00/00] Spaces in file names and hooks on input line 1156
4.
Applying: [2019/10/01] Quote file names on input line 11597.
LaTeX Info: Redefining \IfFileExists on input line 11601.
Already applied: [0000/00/00] Quote file names on input line 11606.
Applying: [2023/06/01] IfFileExists on input line 11629.
Already applied: [2021/06/01] IfFileExists on input line 11660.
Already applied: [2019/10/01] IfFileExists on input line 11682.
Already applied: [0000/00/00] IfFileExists on input line 11700.
Applying: [2019/10/01] Quote file names on input line 11707.
Already applied: [0000/00/00] Quote file names on input line 11722.
Applying: [2019/10/01] Don't lose the file name on input line 11739.
Already applied: [0000/00/00] Don't lose the file name on input line 11743.
Applying: [2020/10/01] Change in file error handling on input line 11747.
Already applied: [2019/10/01] Quote file names on input line 11760.
Already applied: [0000/00/00] Quote file names on input line 11771.
Applying: [2020/10/01] Do not load missing file immediately on input line 11781
.
Already applied: [0000/00/00] Do not load missing file immediately on input lin
e 11813.
Applying: [2017/04/15] test for undeclared accent on input line 11841.
Already applied: [0000/00/00] test for undeclared accent on input line 11866.
Applying: [2019/10/01] Make commands robust on input line 11886.
LaTeX Info: Redefining \UseTextAccent on input line 11887.
LaTeX Info: Redefining \UseTextSymbol on input line 11895.
Already applied: [0000/00/00] Make commands robust on input line 11906.
Applying: [2015/10/01] comma accent on input line 11912.
LaTeX Encoding Info:    Redeclaring text command \textcommabelow (encoding ?) o
n input line 11913.
Already applied: [0000/00/00] comma accent on input line 11918.
Applying: [2016/02/01] comma above on input line 11939.
LaTeX Encoding Info:    Redeclaring text command \textcommaabove (encoding ?) o
n input line 11940.
Already applied: [0000/00/00] comma above on input line 11953.
Applying: [2015/01/01] Reset nested counters on input line 11963.
Already applied: [0000/00/00] Reset nested counters on input line 11967.
Skipping: [2026/06/01] add aliascounter on input line 11971.
Applying: [2024/11/01] provide theHfoo commands on input line 11992.
Already applied: [0000/00/00] provide theHfoo commands on input line 12011.
Skipping: [2026/06/01] support alias counter on input line 12028.
Applying: [2024/11/01] provide theHfoo commands on input line 12042.
Already applied: [0000/00/00] provide theHfoo commands on input line 12050.
Already applied: [2026/06/01] support alias counter on input line 12054.
Applying: [2018-04-01] Add interfaces on input line 12075.
Already applied: [0000-00-00] Add interfaces on input line 12099.
Applying: [2025/06/01] counter within on input line 12104.
Already applied: [2021/11/15] counter within on input line 12117.
Already applied: [2018-04-01] counter within on input line 12131.
Already applied: [0000-00-00] counter within on input line 12147.
Applying: [2025/06/01] counter without on input line 12153.
Already applied: [2021/11/15] counter without on input line 12164.
Already applied: [2018-04-01] counter without on input line 12175.
Already applied: [0000-00-00] counter without on input line 12190.
Applying: [2015/01/01] Use \TextOrMath  on input line 12195.
Already applied: [0000/00/00] Use \TextOrMath  on input line 12209.
Applying: [2015/01/01] \TextOrMath  on input line 12215.
Already applied: [0000/00/00] \TextOrMath  on input line 12231.
Applying: [2015/01/01] Using \setlength with \dimen 0 on input line 12236.
Already applied: [0000/00/00] Using \setlength with \dimen 0 on input line 1224
0.
Applying: [2024/11/01] suspend tagging on input line 12244.
Already applied: [0000/00/00] suspend tagging on input line 12250.
Applying: [2020/02/02] Maybe drop one m on input line 12257.
Already applied: [0000/00/00] Maybe drop one m on input line 12284.
Applying: [2025/06/01] preload .fd file on input line 12305.
Already applied: [0000/00/00] preload .fd file on input line 12326.
Applying: [2015/01/01] Arbitrary units in \DeclareMathSizes  on input line 1234
5.
Already applied: [0000/00/00] Arbitrary units in \DeclareMathSizes  on input li
ne 12365.
Applying: [2021/06/01] Force font face on input line 12382.
LaTeX Info: Redefining \usefont on input line 12383.
Already applied: [2020/02/02] Drop m in usefont on input line 12392.
Already applied: [0000/00/00] Drop m in usefont on input line 12402.
Applying: [2021/11/15] Handle spaces after math on input line 12412.
Already applied: [2020/10/01] Handle spaces after math on input line 12426.
Applying: [2020/02/02] Loading .fd files on input line 12435.
Already applied: [0000/00/00] Loading .fd files on input line 12445.
Applying: [2020/02/02] Provide family substitution on input line 12450.
Already applied: [0000/00/00] Provide family substitution on input line 12481.
Applying: [2019/10/01] No side effects please on input line 12486.
Already applied: [0000/00/00] No side effects please on input line 12498.
Applying: [2015/01/01] Font substitution in preamble on input line 12516.
Already applied: [0000/00/00] Font substitution in preamble on input line 12550
.
Applying: [2017/01/01] XeTeX support for \showhyphens  on input line 12583.
LaTeX Info: Redefining \showhyphens on input line 12585.
Already applied: [0000/00/00] XeTeX support for \showhyphens  on input line 126
45.
Applying: [2025/06/01] Series change rules on input line 12660.
Already applied: [2020/02/02] Series change rules on input line 14088.
Already applied: [0000/00/00] Series change rules on input line 15429.
Applying: [2021/06/01] delay fontseries update on input line 15435.
LaTeX Info: Redefining \fontseries on input line 15436.
LaTeX Info: Redefining \fontseriesforce on input line 15440.
Already applied: [2020/02/02] delay fontseries update on input line 15446.
Already applied: [0000/00/00] delay fontseries update on input line 15458.
Applying: [2020/02/02] Merge series values on input line 15465.
Already applied: [0000/00/00] Merge series values on input line 15544.
Applying: [2020/02/02] Font shape change rules on input line 15560.
LaTeX Info: Redefining \ulcshape on input line 15563.
LaTeX Info: Redefining \swshape on input line 15568.
LaTeX Info: Redefining \sscshape on input line 15573.
Already applied: [0000/00/00] Font shape change rules on input line 15580.
Applying: [2025/06/01] Rules for ssc and sw on input line 15592.
Already applied: [2020/02/02] Rules for ssc and sw on input line 15669.
Already applied: [0000/00/00] Rules for ssc and sw on input line 15750.
Applying: [2021/06/01] Font shape change on input line 15754.
LaTeX Info: Redefining \fontshape on input line 15755.
LaTeX Info: Redefining \fontshapeforce on input line 15758.
Already applied: [2020/02/02] Font shape change on input line 15763.
Already applied: [0000/00/00] Font shape change on input line 15770.
Applying: [2020/02/02] Font shape change rules on input line 15778.
Already applied: [0000/00/00] Font shape change rules on input line 15851.
Applying: [2020/10/01] NFSS series init on input line 15869.
Already applied: [2020/02/02] NFSS series init on input line 15874.
Already applied: [0000/00/00] NFSS series init on input line 15878.
Applying: [2021/06/01] Add hook to \selectfont  on input line 15885.
LaTeX Info: Redefining \selectfont on input line 15886.
Already applied: [0000/00/00] Add hook to \selectfont  on input line 15920.
Applying: [2020/02/02] alias size function on input line 15936.
Already applied: [0000/00/00] alias size function on input line 15944.
Applying: [2015/01/01] \select@group  on input line 15953.
Already applied: [0000/00/00] \select@group  on input line 15980.
Applying: [2021/11/15] \document@select@group  on input line 16008.
Already applied: [2020/10/01] \document@select@group  on input line 16048.
Already applied: [2015/01/01] \document@select@group  on input line 16078.
Already applied: [0000/00/00] \document@select@group  on input line 16109.
Applying: [2022/11/01] freeze math version on input line 16140.
Already applied: [2021/11/15] freeze math version on input line 16186.
Skipping: [2025/11/01] Support metafamily on input line 16229.
Applying: [0000/00/00] Support metafamily on input line 16277.
Applying: [2022/11/01] local alphabets on input line 16324.
Already applied: [2021/11/15] local alphabets on input line 16336.
Already applied: [0000/00/00] local alphabets on input line 16342.
Applying: [2022/11/01] maybe drop m on input line 16347.
Already applied: [0000/00/00] maybe drop m on input line 16394.
Applying: [2022/11/01] maybe drop m on input line 16401.
Already applied: [0000/00/00] maybe drop m on input line 16425.
Applying: [2019/10/01] Make math accents robust on input line 16432.
Already applied: [0000/00/00] Make math accents robust on input line 16479.
Applying: [2019/10/01] makemath accents robust on input line 16521.
Already applied: [0000/00/00] makemath accents robust on input line 16529.
Applying: [2019/10/01] make delimiters robust on input line 16536.
Already applied: [0000/00/00] make delimiters robust on input line 16545.
Applying: [2021/11/15] Custom series on input line 16556.
Already applied: [2020/02/02] Custom series on input line 16591.
Already applied: [0000/00/00] Custom series on input line 16624.
Applying: [2020/02/02] Custom series on input line 16646.
Already applied: [0000/00/00] Custom series on input line 16659.
Skipping: [2025/11/01] Support meta family on input line 16672.
Applying: [2020/02/02] Custom series on input line 16728.
Already applied: [0000/00/00] Custom series on input line 16781.
Applying: [2020/02/02] Custom series on input line 16789.
Already applied: [0000/00/00] Custom series on input line 16812.
Applying: [2021/11/15] Custom series with hooks on input line 16819.
LaTeX Info: Redefining \bfseries on input line 16821.
LaTeX Info: Redefining \mdseries on input line 16846.
Already applied: [2020/10/01] Custom series with hooks on input line 16872.
Already applied: [2020/02/02] Custom series with hooks on input line 16919.
Already applied: [0000/00/00] Custom series with hooks on input line 16948.
Applying: [2020/10/01] Custom series with hooks on input line 16959.
LaTeX Info: Redefining \rmfamily on input line 16970.
LaTeX Info: Redefining \sffamily on input line 16975.
LaTeX Info: Redefining \ttfamily on input line 16980.
Already applied: [2020/02/02] Custom series with hooks on input line 17000.
Already applied: [0000/00/00] Custom series with hooks on input line 17034.
Applying: [2020/10/01] Font series context on input line 17060.
LaTeX Info: Redefining \IfFontSeriesContextTF on input line 17061.
Already applied: [0000/00/00] Font series context on input line 17095.
Applying: [2020/02/02] Nested emph on input line 17106.
LaTeX Info: Redefining \emreset on input line 17111.
LaTeX Info: Redefining \em on input line 17112.
Already applied: [2015/01/01] Nested emph on input line 17139.
Already applied: [0000/00/00] Nested emph on input line 17152.
Applying: [2020/10/01] XeTeX change for math on input line 17159.
LaTeX Info: Redefining \symbol on input line 17163.
Already applied: [0000/00/00] XeTeX change for math on input line 17167.
Skipping: [2025/11/01] Support meta family on input line 17173.
Applying: [2021/06/01] Cancel delayed actions on input line 17202.
LaTeX Info: Redefining \normalfont on input line 17204.
Already applied: [2020/10/01] Add hook to \normalfont  on input line 17218.
Already applied: [2020/02/02] Add hook to \normalfont  on input line 17234.
Already applied: [0000/00/00] Add hook to \normalfont  on input line 17251.
Skipping: [2025/11/01] Set meta family on input line 17265.
Applying: [0000/00/00] Set meta family on input line 17270.
LaTeX Info: Redefining \fontfamily on input line 17272.
Applying: [2017/01/01] TU encoding default on input line 17276.
Already applied: [0000/00/00] TU encoding default on input line 17294.
Applying: [2020/02/02] font defaults change on input line 17304.
Already applied: [0000/00/00] font defaults change on input line 17312.
Applying: [2018/12/01] Start LR-mode on input line 17321.
LaTeX Info: Redefining \big on input line 17322.
LaTeX Info: Redefining \Big on input line 17324.
LaTeX Info: Redefining \bigg on input line 17326.
LaTeX Info: Redefining \Bigg on input line 17328.
Already applied: [0000/00/00] Start LR-mode on input line 17332.
Applying: [2020/02/02] Additional text commands on input line 17341.
LaTeX Info: Redefining \textulc on input line 17342.
LaTeX Info: Redefining \textsw on input line 17343.
LaTeX Info: Redefining \textssc on input line 17344.
Already applied: [0000/00/00] Additional text commands on input line 17347.
BEGIN module: lttextcomp (2020/02/02) on input line 17355.
              Text Companion symbols.
Skipping module lttextcomp on input line 17355.
Skipping: [0000/00/00] Undefine text companion symbols on input line 17913.
END module: lttextcomp (2020/02/02) on input line 18114.
Applying: [2023/06/01] store five arguments on input line 18119.
Already applied: [2022/06/01] store five arguments on input line 18136.
Already applied: [0000/00/00] store five arguments on input line 18153.
Applying: [2022/06/01] Add starred reference commands on input line 18169.
Already applied: [0000/00/00] Add starred reference commands on input line 1818
2.
Skipping: [2026/06/01] disable commands while writing on input line 18189.
Applying: [2023/06/01] store five label arguments on input line 18203.
Already applied: [0000/00/00] store five label arguments on input line 18218.
Applying: [2024/11/01] set theHcounter representation on input line 18225.
Already applied: [2022/06/01] set theHcounter representation on input line 1825
7.
Already applied: [2020/10/01] Add starred version on input line 18267.
Already applied: [2019/10/01] Support for \labelformat  on input line 18276.
Already applied: [0000/00/00] Original from 2.09 on input line 18284.
Applying: [2022/06/01] Add starred version on input line 18291.
Already applied: [2020/10/01] Add starred version on input line 18301.
Already applied: [2019/10/01] Add \labelformat and \Ref  on input line 18307.
Already applied: [0000/00/00] Add \labelformat and \Ref  on input line 18313.
BEGIN module: ltproperties (2023/11/01) on input line 18322.
              Cross-referencing properties.
Skipping module ltproperties on input line 18322.
Skipping: [0000/00/00] cross-referencing properties (undo) on input line 18605.

END module: ltproperties (2023/11/01) on input line 18620.
Applying: [2023/11/01] check property labels on input line 18624.
Already applied: [2020/10/01] Use Hooks on input line 18691.
Already applied: [0000/00/00] Use Hooks on input line 18755.
Applying: [2021/06/01] kernel before hook on input line 18794.
Already applied: [0000/00/00] kernel before hook on input line 18798.
Applying: [2018/12/01] Mask line endings on input line 18804.
Already applied: [0000/00/00] Mask line endings on input line 18830.
Applying: [2020/10/01] Use hook system on input line 18843.
Already applied: [2019/10/01] Making \begin /\end robust on input line 18864.
Already applied: [0000/00/00] Making \begin /\end robust on input line 18875.
Applying: [2019/10/01] Making \begin /\end robust on input line 18889.
Already applied: [0000/00/00] Making \begin /\end robust on input line 18910.
Applying: [2024/11/01] New @endpe handling on input line 18918.
Already applied: [2020/10/01] Use hook system on input line 18931.
Already applied: [2019/10/01] Making \begin /\end robust on input line 18945.
Already applied: [0000/00/00] Making \begin /\end robust on input line 18953.
Applying: [2020/10/01] Hooks for environments on input line 18958.
Already applied: [0000/00/00] Hooks for environments on input line 18965.
Applying: [2020/02/02] Make robust on input line 18974.
Already applied: [0000/00/00] Make robust on input line 18979.
Applying: [2020/10/01] centering, etc support calc on input line 18986.
Already applied: [0000/00/00] centering, etc support calc on input line 18990.
Applying: [2020/10/01] Set finaldhypendemerits on input line 18995.
LaTeX Info: Redefining \centering on input line 18996.
LaTeX Info: Redefining \raggedright on input line 19001.
LaTeX Info: Redefining \raggedleft on input line 19006.
Already applied: [2019/10/01] Make commands robust on input line 19013.
Already applied: [0000/00/00] Make commands robust on input line 19030.
Applying: [2023/11/01] Obeyed tabs on input line 19038.
Already applied: [0000/00/00] Obeyed tabs on input line 19047.
Applying: [2017-04-15] Disable hyphenation in verbatim on input line 19053.
Already applied: [0000-00-00] Disable hyphenation in verbatim on input line 190
74.
Applying: [2018/12/01] Setup visible space for \verb  on input line 19095.
LaTeX Info: Redefining \asciispace on input line 19096.
Already applied: [0000/00/00] Setup visible space for \verb  on input line 1911
0.
Applying: [2023/11/01] Setup visible tab for \verb  on input line 19120.
Already applied: [2018/12/01] Setup visible space for \verb  on input line 1913
3.
Already applied: [0000/00/00] Setup visible space for \verb  on input line 1914
5.
Applying: [2023/11/01] Setup visible tab for \verb  on input line 19149.
Already applied: [0000/00/00] Setup visible tab for \verb  on input line 19153.

Applying: [2023/11/01] Support visible tabs on input line 19157.
Already applied: [2020/10/01] Drop spaces before \verb delimiter on input line 
19174.
Already applied: [2018/12/01] Setup visible space for \verb  on input line 1918
7.
Already applied: [0000/00/00] Setup visible space for \verb  on input line 1920
3.
Applying: [2017-04-15] Disable hyphenation in verb on input line 19214.
Already applied: [0000-00-00] Disable hyphenation in verb on input line 19223.
Applying: [2019/10/01] Make commands robust on input line 19232.
LaTeX Info: Redefining \vphantom on input line 19233.
LaTeX Info: Redefining \hphantom on input line 19234.
LaTeX Info: Redefining \phantom on input line 19235.
LaTeX Info: Redefining \mathstrut on input line 19236.
Already applied: [0000/00/00] Make commands robust on input line 19239.
Applying: [2018/12/01] Start LR-mode on input line 19248.
Already applied: [0000/00/00] Start LR-mode on input line 19256.
Applying: [2022/11/01] Guard against reboxing on input line 19263.
Already applied: [0000/00/00] Guard against reboxing on input line 19269.
Applying: [2018/12/01] Start LR-mode on input line 19274.
Already applied: [0000/00/00] Start LR-mode on input line 19278.
Applying: [2019/10/01] Make commands robust on input line 19282.
LaTeX Info: Redefining \cases on input line 19283.
LaTeX Info: Redefining \matrix on input line 19285.
LaTeX Info: Redefining \pmatrix on input line 19289.
Already applied: [0000/00/00] Make commands robust on input line 19292.
Applying: [2020/10/01] amsmath spacing commands on input line 19300.
LaTeX Info: Redefining \tmspace on input line 19301.
LaTeX Info: Redefining \, on input line 19303.
LaTeX Info: Redefining \! on input line 19305.
LaTeX Info: Redefining \: on input line 19307.
LaTeX Info: Redefining \negmedspace on input line 19310.
LaTeX Info: Redefining \; on input line 19311.
LaTeX Info: Redefining \negthickspace on input line 19313.
Already applied: [0000/00/00] amsmath spacing commands on input line 19316.
Applying: [2015/01/01] Make \( robust on input line 19332.
LaTeX Info: Redefining \( on input line 19333.
LaTeX Info: Redefining \) on input line 19335.
Already applied: [0000/00/00] Make \( robust on input line 19338.
Applying: [2025/06/01] Start and end display math on input line 19347.
Already applied: [0000/00/00] Start and end display math on input line 19352.
Applying: [2015/01/01] Make \[ robust on input line 19357.
LaTeX Info: Redefining \[ on input line 19358.
LaTeX Info: Redefining \] on input line 19370.
Already applied: [2015/01/01] Make \[ robust on input line 19383.
Already applied: [0000/00/00] Make \[ robust on input line 19408.
Applying: [2025/06/01] Tagging support on input line 19436.
Already applied: [0000/00/00] Tagging support on input line 19442.
Applying: [2025/06/01] Support for tagging on input line 19448.
Already applied: [0000/00/00] Support for tagging on input line 19475.
Applying: [2020/10/01] eqnarray support calc syntax on input line 19503.
Already applied: [0000/00/00] eqnarray support calc syntax on input line 19511.

Applying: [2023/06/01] add ignorespaces to eqno on input line 19520.
Already applied: [0000/00/00] add ignorespaces to eqno on input line 19527.
Applying: [2024/11/01] New @endpe handling on input line 19533.
Already applied: [0000/00/00] New @endpe handling on input line 19551.
Applying: [2015/01/01] Make \makebox robust on input line 19560.
LaTeX Info: Redefining \makebox on input line 19561.
Already applied: [0000/00/00] Make \makebox robust on input line 19568.
Applying: [2023/11/01] Unknown alignment warning on input line 19577.
Already applied: [0000/00/00] Unknown alignment warning on input line 19591.
Applying: [2020/10/01] default units on input line 19599.
Already applied: [0000/00/00] default units on input line 19618.
Applying: [2021/06/01] color group settings on input line 19635.
Already applied: [0000/00/00] color group settings on input line 19644.
Skipping: [2026/06/01] color group settings on input line 19655.
Applying: [2024/11/01] color group settings on input line 19660.
Already applied: [2021/06/01] color group settings on input line 19665.
Already applied: [0000/00/00] color group settings on input line 19670.
Applying: [2015/01/01] Make \savebox robust on input line 19676.
LaTeX Info: Redefining \savebox on input line 19677.
Already applied: [0000/00/00] Make \savebox robust on input line 19682.
Applying: [2015/01/01] Make \framebox robust on input line 19689.
LaTeX Info: Redefining \framebox on input line 19690.
Already applied: [0000/00/00] Make \framebox robust on input line 19695.
Applying: [2023/11/01] Unknown alignment warning on input line 19702.
Already applied: [0000/00/00] Unknown alignment warning on input line 19720.
Applying: [2015/01/01] Make \parbox robust on input line 19731.
LaTeX Info: Redefining \parbox on input line 19732.
Already applied: [0000/00/00] Make \parbox robust on input line 19738.
Skipping: [2026/06/01] Use real text vcenter on input line 19746.
Applying: [0000/00/00] Use real text vcenter on input line 19770.
Skipping: [2026/06/01] Use real text vcenter on input line 19777.
Applying: [2023/11/01] Use real text vcenter on input line 19800.
Already applied: [0000/00/00] Use real text vcenter on input line 19826.
Applying: [2017-04-15] reset \lineskiplimit  on input line 19848.
Already applied: [0000-00-00] reset \lineskiplimit  on input line 19868.
Applying: [2021/11/15] footnotetext tagging on input line 19885.
Already applied: [2021/06/01] footnotetext tagging on input line 19902.
Already applied: [0000/00/00] footnotetext tagging on input line 19918.
Applying: [2015/01/01] Make \rule robust on input line 19935.
LaTeX Info: Redefining \rule on input line 19936.
Already applied: [0000/00/00] Make \rule robust on input line 19939.
Applying: [2015/01/01] Make \raisebox robust on input line 19944.
LaTeX Info: Redefining \raisebox on input line 19945.
Already applied: [0000/00/00] Make \raisebox robust on input line 19950.
Applying: [2024/06/01] final strut correction on input line 19957.
Already applied: [0000/00/00] final strut correction on input line 19967.
Applying: [2020/10/01] Tabbing calc syntax on input line 19975.
Already applied: [0000/00/00] Tabbing calc syntax on input line 19979.
Applying: [2019/10/01] Make commands robust on input line 19984.
LaTeX Info: Redefining \pushtabs on input line 19985.
LaTeX Info: Redefining \poptabs on input line 19988.
LaTeX Info: Redefining \kill on input line 20000.
Already applied: [0000/00/00] Make commands robust on input line 20003.
Skipping: [2026/06/01] Use real text vcenter on input line 20011.
Applying: [0000/00/00] Use real text vcenter on input line 20017.
Skipping: [2026/06/01] Use real text vcenter on input line 20023.
Applying: [0000/00/00] Use real text vcenter on input line 20027.
Skipping: [2026/06/01] Use real text vcenter on input line 20031.
Applying: [0000/00/00] Use real text vcenter on input line 20037.
Skipping: [2026/06/01] Use real text vcenter on input line 20043.
Applying: [0000/00/00] Use real text vcenter on input line 20047.
Skipping: [2026/06/01] Use real text vcenter on input line 20051.
Applying: [0000/00/00] Use real text vcenter on input line 20073.
Applying: [2020/10/01] tabular support calc syntax on input line 20095.
Already applied: [0000/00/00] tabular support calc syntax on input line 20099.
Applying: [2020/10/01] default units on input line 20105.
Already applied: [0000/00/00] default units on input line 20110.
Skipping: [2026/06/01] optional arg on input line 20114.
Applying: [0000/00/00] optional arg on input line 20118.
Applying: [2020/10/01] default units on input line 20122.
Already applied: [0000/00/00] default units on input line 20134.
Applying: [2020/10/01] default units on input line 20143.
Already applied: [0000/00/00] default units on input line 20156.
Applying: [2020/10/01] default units on input line 20164.
Already applied: [0000/00/00] default units on input line 20172.
Applying: [2020/10/01] default units on input line 20180.
Already applied: [0000/00/00] default units on input line 20191.
Applying: [2020/10/01] \shortstack calc support on input line 20201.
Already applied: [0000/00/00] \shortstack calc support on input line 20205.
Applying: [2020/10/01] default units on input line 20210.
Already applied: [0000/00/00] default units on input line 20221.
Applying: [2020/10/01] default units on input line 20232.
Already applied: [0000/00/00] default units on input line 20246.
Applying: [2020/10/01] default units on input line 20260.
Already applied: [0000/00/00] default units on input line 20317.
Applying: [2016/03/31] Avoid almost zero length leaders on input line 20375.
Already applied: [0000/00/00] Avoid almost zero length leaders on input line 20
381.
Applying: [2020/10/01] default units on input line 20386.
Already applied: [2016/03/31] default units on input line 20413.
Already applied: [0000/00/00] default units on input line 20443.
Applying: [2016/03/31] Avoid almost zero length leaders on input line 20468.
Already applied: [0000/00/00] Avoid almost zero length leaders on input line 20
480.
Applying: [2016/03/31] Avoid almost zero length leaders on input line 20491.
Already applied: [0000/00/00] Avoid almost zero length leaders on input line 20
500.
Applying: [2020/10/01] default units on input line 20508.
Already applied: [0000/00/00] default units on input line 20524.
Applying: [2020/10/01] default units on input line 20541.
Already applied: [0000/00/00] default units on input line 20547.
Applying: [2020/10/01] default units on input line 20551.
Already applied: [0000/00/00] default units on input line 20610.
Applying: [2019/10/01] Make commands robust on input line 20665.
LaTeX Info: Command `\bezier' is already robust on input line 20666.
LaTeX Info: Command `\circle' is already robust on input line 20667.
LaTeX Info: Command `\linethickness' is already robust on input line 20670.
LaTeX Info: Command `\oval' is already robust on input line 20672.
LaTeX Info: Command `\qbezier' is already robust on input line 20674.
LaTeX Info: Command `\shortstack' is already robust on input line 20675.
LaTeX Info: Command `\thinlines' is already robust on input line 20676.
Already applied: [0000/00/00] Make commands robust on input line 20680.
Skipping: [2026/06/01] use alias counter on input line 20698.
Applying: [0000/00/00] use alias counter on input line 20707.
Applying: [2024/03/18] no link target on input line 20716.
Already applied: [0000/00/00] no link target on input line 20722.
Applying: [2024/03/18] add link targets on input line 20728.
Already applied: [0000/00/00] add link targets on input line 20735.
Applying: [2019/10/01] Make commands robust on input line 20743.
LaTeX Info: Redefining \title on input line 20744.
LaTeX Info: Redefining \author on input line 20745.
LaTeX Info: Redefining \date on input line 20746.
LaTeX Info: Redefining \thanks on input line 20747.
LaTeX Info: Redefining \and on input line 20751.
Already applied: [0000/00/00] Make commands robust on input line 20757.
Applying: [2020/10/01] fourth argument on input line 20767.
Already applied: [2018/12/01] Mask line endings on input line 20773.
Already applied: [0000/00/00] Mask line endings on input line 20779.
Applying: [2025/06/01] Extended index/label on input line 20784.
Already applied: [0000/00/00] Extended index/label on input line 20797.
Applying: [2021/11/15] Four arguments on input line 20809.
Already applied: [0000/00/00] Four arguments on input line 20815.
Applying: [2018/12/01] Prevent protrusion on input line 20821.
LaTeX Info: Redefining \noprotrusion on input line 20841.
Already applied: [0000/00/00] Prevent protrusion on input line 20844.
Applying: [2015/01/01] Check float options on input line 20867.
Already applied: [0000/00/00] Check float options on input line 20935.
Applying: [2015/01/01] float order in 2-column on input line 21003.
Already applied: [0000/00/00] float order in 2-column on input line 21027.
Applying: [2015/01/01] float order in 2-column on input line 21042.
Already applied: [0000/00/00] float order in 2-column on input line 21054.
Applying: [2021/06/01] Explicit par for marginpar on input line 21067.
Already applied: [0000/00/00] Explicit par for marginpar on input line 21083.
Skipping: [2026/06/01] real text superscript on input line 21100.
Applying: [2020/10/01] real text superscript on input line 21131.
Already applied: [0000/00/00] real text superscript on input line 21136.
Applying: [2015/01/01] \textsubscript  on input line 21142.
LaTeX Info: Redefining \textsubscript on input line 21143.
Already applied: [0000/00/00] \textsubscript  on input line 21147.
Skipping: [2026/06/01] real text subscript on input line 21151.
Applying: [2020/10/01] real text subscript on input line 21182.
Already applied: [2015/01/01] real text subscript on input line 21187.
Already applied: [0000/00/00] real text subscript on input line 21193.
Applying: [2021/11/15] footnotetext tagging on input line 21197.
Already applied: [2021/06/01] footnotetext tagging on input line 21215.
Already applied: [0000/00/00] footnotetext tagging on input line 21232.
Applying: [2021/06/01] Add footref on input line 21250.
Already applied: [0000/00/00] Add footref on input line 21259.
Applying: [2022/06/01] check for blank on input line 21267.
LaTeX Info: Redefining \cite on input line 21268.
Already applied: [0000/00/00] check for blank on input line 21277.
Applying: [2021/06/01] Allow nocite in preamble on input line 21285.
Already applied: [0000/00/00] Allow nocite in preamble on input line 21299.
BEGIN module: ltmarks (2022/06/01) on input line 21324.
              Marks handling.
Skipping module ltmarks on input line 21324.
Skipping: [0000/00/00] Undo Marks handling on input line 21727.
END module: ltmarks (2022/06/01) on input line 21740.
Applying: [2025/06/01] Drop legacy mark support on input line 21745.
LaTeX Info: Redefining \markboth on input line 21747.
LaTeX Info: Redefining \markright on input line 21752.
Already applied: [2022/06/01] New mark support on input line 21759.
Already applied: [2019/10/01] Make commands robust on input line 21785.
Already applied: [0000/00/00] Make commands robust on input line 21806.
Applying: [2025/06/01] Use new mark mechanism on input line 21829.
Already applied: [0000/00/00] Use new mark mechanism on input line 21836.
Applying: [2020/10/01] Add \@currpath  on input line 21848.
Already applied: [0000/00/00] Add \@currpath  on input line 21852.
Applying: [2020/10/01] Add \@expl@push@filename@@ and \@expl@push@filename@aux@
@  on input line 21857.
Already applied: [2020/02/02] Add \@expl@push@filename@@  on input line 21872.
Already applied: [0000/00/00] Add \@expl@push@filename@@ and \@expl@push@filena
me@aux@@  on input line 21884.
Applying: [2020/10/01] Add \@expl@pop@filename@@  on input line 21908.
Already applied: [2020/02/02] Add \@expl@push@filename@@  on input line 21916.
Already applied: [0000/00/00] Add \@expl@push@filename@@ and \@expl@push@filena
me@aux@@  on input line 21922.
Applying: [2020/10/01] Add \@kernel@currpathstack  on input line 21935.
Already applied: [0000/00/00] Add \@kernel@currpathstack  on input line 21952.
Applying: [2020/10/01] Test format date on input line 21958.
Already applied: [0000/00/00] Test format date on input line 21965.
Applying: [2018/04/01] Guard against bad input on input line 21972.
Already applied: [0000/00/00] Guard against bad input on input line 21983.
Applying: [2017/01/01] Spaces in option clash check on input line 21994.
Already applied: [0000/00/00] Spaces in option clash check on input line 22011.

Applying: [2024/06/01] Test package loading on input line 22028.
Already applied: [0000/00/00] Test package loading on input line 22035.
Applying: [2024/06/01] More conditionals on input line 22044.
Already applied: [0000/00/00] More conditionals on input line 22071.
Applying: [2020/10/01] Check name with \strcmp  on input line 22101.
Already applied: [0000/00/00] Undo: check name with \strcmp  on input line 2211
4.
Applying: [2020/10/01] Allow for package substitution on input line 22125.
Already applied: [2020/02/02] Protection for package info on input line 22142.
Already applied: [0000/00/00] Protection for package info on input line 22155.
Applying: [0000/00/00] Track \ProvidesPackage  on input line 22168.
Applying: [2021/06/01] Raw option lists on input line 22173.
Already applied: [2020/10/01] Add file replacement in \@pass@ptions  on input l
ine 22194.
Already applied: [0000/00/00] \@pass@ptions  on input line 22210.
Applying: [2021/06/01] filter unused option list on input line 22219.
Already applied: [0000/00/00] filter unused option list on input line 22231.
Applying: [2021/06/01] safer @xprocess@ptions on input line 22241.
Already applied: [0000/00/00] safer @xprocess@ptions on input line 22257.
Applying: [2020/10/01] Unused options issue on input line 22273.
Already applied: [0000/00/00] Unused options issue on input line 22290.
Applying: [2021/06/01] filter unused option list on input line 22305.
Already applied: [0000/00/00] filter unused option list on input line 22313.
Applying: [2017/01/01] Spaces in \ExecuteOptions  on input line 22320.
Already applied: [0000/00/00] Spaces in \ExecuteOptions  on input line 22330.
Applying: [2021/06/01] Raw option lists load with options on input line 22339.
Already applied: [0000/00/00] Raw option lists load with options on input line 
22348.
Applying: [2020/10/01] Unused options issue on input line 22355.
Already applied: [0000/00/00] Unused options issue on input line 22364.
Applying: [2024/06/01] Check Group on input line 22371.
Already applied: [0000/00/00] Check Group on input line 22383.
Applying: [2020/10/01] ifx tests in \@fileswith@pti@ns  on input line 22390.
Already applied: [2017/01/01] ifx tests in \@fileswith@pti@ns  on input line 22
418.
Already applied: [0000/00/00] ifx tests in \@fileswith@pti@ns  on input line 22
445.
Applying: [2020/10/01] Hooks and unused options issue on input line 22473.
Already applied: [0000/00/00] Hooks and unused options issue on input line 2261
7.
Applying: [2020/10/01] Use hook system on input line 22674.
LaTeX Info: Redefining \AtBeginDocument on input line 22675.
LaTeX Info: Redefining \AtEndDocument on input line 22676.
Already applied: [0000/00/00] Use hook system on input line 22679.
Applying: [2024/11/01] Allow for more extensions on input line 22686.
Already applied: [0000/00/00] Allow for more extensions on input line 22699.
Applying: [2020/10/01] Define \q@curr@file directly (gh/220) on input line 2270
9.
Already applied: [2019/10/01] Spaces in file names + optional arg on input line
 22842.
Already applied: [0000/00/00] Spaces in file names + optional arg on input line
 22973.
Applying: [2020/10/01] Hook management file on input line 23064.
Already applied: [0000/00/00] Hook management file on input line 23073.
Applying: [2020/10/01] File helpers on input line 23082.
Applying: [2020/10/01] Roll forward help on input line 23143.
Applying: [2020/10/01] Hook management (files) on input line 23195.
Already applied: [2019/10/01] Hook management (files) on input line 23230.
Already applied: [0000/00/00] Hook management (files) on input line 23241.
Applying: [2020/10/01] Declaring file substitution on input line 23250.
Applying: [2020/10/01] File substitution on input line 23290.
Already applied: [0000/00/00] File substitution on input line 23297.
Applying: [2022/06/01] Setting current file name on input line 23304.
Already applied: [2021/06/01] Setting current file name on input line 23334.
Already applied: [2020/10/01] Setting current file name on input line 23357.
Already applied: [2019/10/01] Setting current file name on input line 23378.
Already applied: [0000/00/00] Setting current file name on input line 23392.
Applying: [2020/10/01] Make file csname on input line 23397.
Applying: [2020/10/01] Set curr file on input line 23416.
Applying: [2020/10/01] Replace files detect loops on input line 23431.
Applying: [2020/10/01] Tortoise and Hare on input line 23452.
Applying: [2020/10/01] Disable packages on input line 23493.
Already applied: [0000/00/00] Disable packages on input line 23508.
Applying: [2020/10/01] 2e tmp interfaces on input line 23515.
Already applied: [0000/00/00] 2e tmp interfaces on input line 23541.
Applying: [2020/10/01] Hook management (shipout) on input line 23551.
Already applied: [0000/00/00] Hook management (shipout) on input line 23980.
Applying: [2025/06/01] Force immediate writes on input line 24016.
Already applied: [0000/00/00] Force immediate writes on input line 24027.
Applying: [2020/10/01] atenddvi emulation on input line 24033.
Already applied: [0000/00/00] atenddvi emulation on input line 24046.
Applying: [2025/06/01] Check depth of page on input line 24052.
Already applied: [2017/04/15] Check depth of page on input line 24070.
Already applied: [0000/00/00] Check depth of page on input line 24096.
Applying: [2015/01/01] float order in 2-column on input line 24114.
Already applied: [0000/00/00] float order in 2-column on input line 24123.
Applying: [2015/01/01] float order in 2-column on input line 24128.
Already applied: [0000/00/00] float order in 2-column on input line 24171.
Applying: [2025/06/01] \@makecol adding hooks/sockets on input line 24214.
Already applied: [0000/00/00] \@makecol adding hooks/sockets on input line 2443
3.
Applying: [2025/06/01] Use new mark mechanism on input line 24517.
Already applied: [2017/04/15] Reset language for hyphenation on input line 2462
0.
Already applied: [0000/00/00] Reset language for hyphenation on input line 2467
8.
Applying: [2015/01/01] float order in 2-column on input line 24736.
Already applied: [0000/00/00] float order in 2-column on input line 24751.
Applying: [2015/01/01] float order in 2-column on input line 24767.
Already applied: [0000/00/00] float order in 2-column on input line 24786.
Applying: [2015/01/01] float order in 2-column on input line 24804.
Already applied: [0000/00/00] float order in 2-column on input line 24826.
Applying: [2025/06/01] float order in 2-column on input line 24847.
Already applied: [2015/01/01] float order in 2-column on input line 24915.
Already applied: [0000/00/00] float order in 2-column on input line 24982.
Applying: [2025/06/01] float order in 2-column on input line 25052.
Already applied: [2015/01/01] float order in 2-column on input line 25086.
Already applied: [0000/00/00] float order in 2-column on input line 25119.
Applying: [2015/01/01] float order in 2-column on input line 25151.
Already applied: [0000/00/00] float order in 2-column on input line 25198.
Applying: [2021/11/15] Show float register contents on input line 25245.
Already applied: [0000/00/00] Show float register contents on input line 25267.

Applying: [2025/06/01] float placement calculation on input line 25275.
Already applied: [0000/00/00] float placement calculation on input line 25279.
Applying: [2025/06/01] float placement calculation on input line 25283.
Already applied: [0000/00/00] float placement calculation on input line 25300.
Applying: [2017/01/01] negative height floats on input line 25317.
Already applied: [0000/00/00] negative height floats on input line 25327.
Applying: [2025/06/01] Use new mark mechanism on input line 25337.
Already applied: [2015/01/01] 2 column marks on input line 25362.
Already applied: [0000/00/00] 2 column marks on input line 25403.
Applying: [2015/01/01] NFSS version1 commands on input line 25438.
Already applied: [0000/00/00] NFSS version1 commands on input line 25458.
Applying: [2015/01/01] Extended Allocation on input line 25581.
Already applied: [0000/00/00] Extended Allocation on input line 25588.
Applying: [2022/06/01] Delayed legacy marks on input line 25592.
Already applied: [0000/00/00] Delayed legacy marks on input line 25598.
Applying: [2015/01/01] Extended Allocation on input line 25602.
Already applied: [0000/00/00] Extended Allocation on input line 25616.
Applying: [2016/02/01] Start of XeTeX class allocator on input line 25634.
Already applied: [2015/01/01] Start of XeTeX class allocator on input line 2564
2.
Already applied: [0000/00/00] Start of XeTeX class allocator on input line 2564
9.
Applying: [2021/06/01] Lua trace_stack_levels function on input line 25665.
Already applied: [0000/00/00] Lua trace_stack_levels function on input line 256
94.
Applying: [2016/02/01] XeTeX character classes on input line 25698.
Already applied: [0000/00/00] XeTeX character classes on input line 25731.
Applying: [2017/04/15] Save language for hyphenation on input line 25755.
Already applied: [0000/00/00] Save language for hyphenation on input line 25759
.
Skipping: [2026/06/01] Preload glyphtounicode on input line 25763.
Applying: [2021/06/01] Preload glyphtounicode on input line 25790.

(D:\Application\MiKTeX\tex/generic/pdftex\glyphtounicode.tex)
Already applied: [0000/00/00] Preload glyphtounicode on input line 25812.
Applying: [2018/04/01] UTF-8 default on input line 25816.

(D:\Application\MiKTeX\tex/latex/base\utf8.def
File: utf8.def 2022/06/07 v1.3c UTF-8 support
Now handling font encoding OML ...
... no UTF-8 mapping file for font encoding OML
Now handling font encoding OMS ...
... processing UTF-8 mapping file for font encoding OMS

(D:\Application\MiKTeX\tex/latex/base\omsenc.dfu
File: omsenc.dfu 2022/06/07 v1.3c UTF-8 support
   defining Unicode char U+00A7 (decimal 167)
   defining Unicode char U+00B6 (decimal 182)
   defining Unicode char U+00B7 (decimal 183)
   defining Unicode char U+2020 (decimal 8224)
   defining Unicode char U+2021 (decimal 8225)
   defining Unicode char U+2022 (decimal 8226)
)
Now handling font encoding OT1 ...
... processing UTF-8 mapping file for font encoding OT1

(D:\Application\MiKTeX\tex/latex/base\ot1enc.dfu
File: ot1enc.dfu 2022/06/07 v1.3c UTF-8 support
   defining Unicode char U+00A0 (decimal 160)
   defining Unicode char U+00A1 (decimal 161)
   defining Unicode char U+00A3 (decimal 163)
   defining Unicode char U+00AD (decimal 173)
   defining Unicode char U+00B8 (decimal 184)
   defining Unicode char U+00BF (decimal 191)
   defining Unicode char U+00C5 (decimal 197)
   defining Unicode char U+00C6 (decimal 198)
   defining Unicode char U+00D8 (decimal 216)
   defining Unicode char U+00DF (decimal 223)
   defining Unicode char U+00E6 (decimal 230)
   defining Unicode char U+00EC (decimal 236)
   defining Unicode char U+00ED (decimal 237)
   defining Unicode char U+00EE (decimal 238)
   defining Unicode char U+00EF (decimal 239)
   defining Unicode char U+00F8 (decimal 248)
   defining Unicode char U+0131 (decimal 305)
   defining Unicode char U+0141 (decimal 321)
   defining Unicode char U+0142 (decimal 322)
   defining Unicode char U+0152 (decimal 338)
   defining Unicode char U+0153 (decimal 339)
   defining Unicode char U+0174 (decimal 372)
   defining Unicode char U+0175 (decimal 373)
   defining Unicode char U+0176 (decimal 374)
   defining Unicode char U+0177 (decimal 375)
   defining Unicode char U+0218 (decimal 536)
   defining Unicode char U+0219 (decimal 537)
   defining Unicode char U+021A (decimal 538)
   defining Unicode char U+021B (decimal 539)
   defining Unicode char U+0237 (decimal 567)
   defining Unicode char U+2013 (decimal 8211)
   defining Unicode char U+2014 (decimal 8212)
   defining Unicode char U+2018 (decimal 8216)
   defining Unicode char U+2019 (decimal 8217)
   defining Unicode char U+201C (decimal 8220)
   defining Unicode char U+201D (decimal 8221)
   defining Unicode char U+FB00 (decimal 64256)
   defining Unicode char U+FB01 (decimal 64257)
   defining Unicode char U+FB02 (decimal 64258)
   defining Unicode char U+FB03 (decimal 64259)
   defining Unicode char U+FB04 (decimal 64260)
   defining Unicode char U+FB05 (decimal 64261)
   defining Unicode char U+FB06 (decimal 64262)
)
Now handling font encoding T1 ...
... processing UTF-8 mapping file for font encoding T1

(D:\Application\MiKTeX\tex/latex/base\t1enc.dfu
File: t1enc.dfu 2022/06/07 v1.3c UTF-8 support
   defining Unicode char U+00A0 (decimal 160)
   defining Unicode char U+00A1 (decimal 161)
   defining Unicode char U+00A3 (decimal 163)
   defining Unicode char U+00AB (decimal 171)
   defining Unicode char U+00AD (decimal 173)
   defining Unicode char U+00BB (decimal 187)
   defining Unicode char U+00BF (decimal 191)
   defining Unicode char U+00C0 (decimal 192)
   defining Unicode char U+00C1 (decimal 193)
   defining Unicode char U+00C2 (decimal 194)
   defining Unicode char U+00C3 (decimal 195)
   defining Unicode char U+00C4 (decimal 196)
   defining Unicode char U+00C5 (decimal 197)
   defining Unicode char U+00C6 (decimal 198)
   defining Unicode char U+00C7 (decimal 199)
   defining Unicode char U+00C8 (decimal 200)
   defining Unicode char U+00C9 (decimal 201)
   defining Unicode char U+00CA (decimal 202)
   defining Unicode char U+00CB (decimal 203)
   defining Unicode char U+00CC (decimal 204)
   defining Unicode char U+00CD (decimal 205)
   defining Unicode char U+00CE (decimal 206)
   defining Unicode char U+00CF (decimal 207)
   defining Unicode char U+00D0 (decimal 208)
   defining Unicode char U+00D1 (decimal 209)
   defining Unicode char U+00D2 (decimal 210)
   defining Unicode char U+00D3 (decimal 211)
   defining Unicode char U+00D4 (decimal 212)
   defining Unicode char U+00D5 (decimal 213)
   defining Unicode char U+00D6 (decimal 214)
   defining Unicode char U+00D8 (decimal 216)
   defining Unicode char U+00D9 (decimal 217)
   defining Unicode char U+00DA (decimal 218)
   defining Unicode char U+00DB (decimal 219)
   defining Unicode char U+00DC (decimal 220)
   defining Unicode char U+00DD (decimal 221)
   defining Unicode char U+00DE (decimal 222)
   defining Unicode char U+00DF (decimal 223)
   defining Unicode char U+00E0 (decimal 224)
   defining Unicode char U+00E1 (decimal 225)
   defining Unicode char U+00E2 (decimal 226)
   defining Unicode char U+00E3 (decimal 227)
   defining Unicode char U+00E4 (decimal 228)
   defining Unicode char U+00E5 (decimal 229)
   defining Unicode char U+00E6 (decimal 230)
   defining Unicode char U+00E7 (decimal 231)
   defining Unicode char U+00E8 (decimal 232)
   defining Unicode char U+00E9 (decimal 233)
   defining Unicode char U+00EA (decimal 234)
   defining Unicode char U+00EB (decimal 235)
   defining Unicode char U+00EC (decimal 236)
   defining Unicode char U+00ED (decimal 237)
   defining Unicode char U+00EE (decimal 238)
   defining Unicode char U+00EF (decimal 239)
   defining Unicode char U+00F0 (decimal 240)
   defining Unicode char U+00F1 (decimal 241)
   defining Unicode char U+00F2 (decimal 242)
   defining Unicode char U+00F3 (decimal 243)
   defining Unicode char U+00F4 (decimal 244)
   defining Unicode char U+00F5 (decimal 245)
   defining Unicode char U+00F6 (decimal 246)
   defining Unicode char U+00F8 (decimal 248)
   defining Unicode char U+00F9 (decimal 249)
   defining Unicode char U+00FA (decimal 250)
   defining Unicode char U+00FB (decimal 251)
   defining Unicode char U+00FC (decimal 252)
   defining Unicode char U+00FD (decimal 253)
   defining Unicode char U+00FE (decimal 254)
   defining Unicode char U+00FF (decimal 255)
   defining Unicode char U+0100 (decimal 256)
   defining Unicode char U+0101 (decimal 257)
   defining Unicode char U+0102 (decimal 258)
   defining Unicode char U+0103 (decimal 259)
   defining Unicode char U+0104 (decimal 260)
   defining Unicode char U+0105 (decimal 261)
   defining Unicode char U+0106 (decimal 262)
   defining Unicode char U+0107 (decimal 263)
   defining Unicode char U+0108 (decimal 264)
   defining Unicode char U+0109 (decimal 265)
   defining Unicode char U+010A (decimal 266)
   defining Unicode char U+010B (decimal 267)
   defining Unicode char U+010C (decimal 268)
   defining Unicode char U+010D (decimal 269)
   defining Unicode char U+010E (decimal 270)
   defining Unicode char U+010F (decimal 271)
   defining Unicode char U+0110 (decimal 272)
   defining Unicode char U+0111 (decimal 273)
   defining Unicode char U+0112 (decimal 274)
   defining Unicode char U+0113 (decimal 275)
   defining Unicode char U+0114 (decimal 276)
   defining Unicode char U+0115 (decimal 277)
   defining Unicode char U+0116 (decimal 278)
   defining Unicode char U+0117 (decimal 279)
   defining Unicode char U+0118 (decimal 280)
   defining Unicode char U+0119 (decimal 281)
   defining Unicode char U+011A (decimal 282)
   defining Unicode char U+011B (decimal 283)
   defining Unicode char U+011C (decimal 284)
   defining Unicode char U+011D (decimal 285)
   defining Unicode char U+011E (decimal 286)
   defining Unicode char U+011F (decimal 287)
   defining Unicode char U+0120 (decimal 288)
   defining Unicode char U+0121 (decimal 289)
   defining Unicode char U+0122 (decimal 290)
   defining Unicode char U+0123 (decimal 291)
   defining Unicode char U+0124 (decimal 292)
   defining Unicode char U+0125 (decimal 293)
   defining Unicode char U+0128 (decimal 296)
   defining Unicode char U+0129 (decimal 297)
   defining Unicode char U+012A (decimal 298)
   defining Unicode char U+012B (decimal 299)
   defining Unicode char U+012C (decimal 300)
   defining Unicode char U+012D (decimal 301)
   defining Unicode char U+012E (decimal 302)
   defining Unicode char U+012F (decimal 303)
   defining Unicode char U+0130 (decimal 304)
   defining Unicode char U+0131 (decimal 305)
   defining Unicode char U+0132 (decimal 306)
   defining Unicode char U+0133 (decimal 307)
   defining Unicode char U+0134 (decimal 308)
   defining Unicode char U+0135 (decimal 309)
   defining Unicode char U+0136 (decimal 310)
   defining Unicode char U+0137 (decimal 311)
   defining Unicode char U+0139 (decimal 313)
   defining Unicode char U+013A (decimal 314)
   defining Unicode char U+013B (decimal 315)
   defining Unicode char U+013C (decimal 316)
   defining Unicode char U+013D (decimal 317)
   defining Unicode char U+013E (decimal 318)
   defining Unicode char U+0141 (decimal 321)
   defining Unicode char U+0142 (decimal 322)
   defining Unicode char U+0143 (decimal 323)
   defining Unicode char U+0144 (decimal 324)
   defining Unicode char U+0145 (decimal 325)
   defining Unicode char U+0146 (decimal 326)
   defining Unicode char U+0147 (decimal 327)
   defining Unicode char U+0148 (decimal 328)
   defining Unicode char U+014A (decimal 330)
   defining Unicode char U+014B (decimal 331)
   defining Unicode char U+014C (decimal 332)
   defining Unicode char U+014D (decimal 333)
   defining Unicode char U+014E (decimal 334)
   defining Unicode char U+014F (decimal 335)
   defining Unicode char U+0150 (decimal 336)
   defining Unicode char U+0151 (decimal 337)
   defining Unicode char U+0152 (decimal 338)
   defining Unicode char U+0153 (decimal 339)
   defining Unicode char U+0154 (decimal 340)
   defining Unicode char U+0155 (decimal 341)
   defining Unicode char U+0156 (decimal 342)
   defining Unicode char U+0157 (decimal 343)
   defining Unicode char U+0158 (decimal 344)
   defining Unicode char U+0159 (decimal 345)
   defining Unicode char U+015A (decimal 346)
   defining Unicode char U+015B (decimal 347)
   defining Unicode char U+015C (decimal 348)
   defining Unicode char U+015D (decimal 349)
   defining Unicode char U+015E (decimal 350)
   defining Unicode char U+015F (decimal 351)
   defining Unicode char U+0160 (decimal 352)
   defining Unicode char U+0161 (decimal 353)
   defining Unicode char U+0162 (decimal 354)
   defining Unicode char U+0163 (decimal 355)
   defining Unicode char U+0164 (decimal 356)
   defining Unicode char U+0165 (decimal 357)
   defining Unicode char U+0168 (decimal 360)
   defining Unicode char U+0169 (decimal 361)
   defining Unicode char U+016A (decimal 362)
   defining Unicode char U+016B (decimal 363)
   defining Unicode char U+016C (decimal 364)
   defining Unicode char U+016D (decimal 365)
   defining Unicode char U+016E (decimal 366)
   defining Unicode char U+016F (decimal 367)
   defining Unicode char U+0170 (decimal 368)
   defining Unicode char U+0171 (decimal 369)
   defining Unicode char U+0172 (decimal 370)
   defining Unicode char U+0173 (decimal 371)
   defining Unicode char U+0174 (decimal 372)
   defining Unicode char U+0175 (decimal 373)
   defining Unicode char U+0176 (decimal 374)
   defining Unicode char U+0177 (decimal 375)
   defining Unicode char U+0178 (decimal 376)
   defining Unicode char U+0179 (decimal 377)
   defining Unicode char U+017A (decimal 378)
   defining Unicode char U+017B (decimal 379)
   defining Unicode char U+017C (decimal 380)
   defining Unicode char U+017D (decimal 381)
   defining Unicode char U+017E (decimal 382)
   defining Unicode char U+01C4 (decimal 452)
   defining Unicode char U+01C5 (decimal 453)
   defining Unicode char U+01C6 (decimal 454)
   defining Unicode char U+01C7 (decimal 455)
   defining Unicode char U+01C8 (decimal 456)
   defining Unicode char U+01C9 (decimal 457)
   defining Unicode char U+01CA (decimal 458)
   defining Unicode char U+01CB (decimal 459)
   defining Unicode char U+01CC (decimal 460)
   defining Unicode char U+01CD (decimal 461)
   defining Unicode char U+01CE (decimal 462)
   defining Unicode char U+01CF (decimal 463)
   defining Unicode char U+01D0 (decimal 464)
   defining Unicode char U+01D1 (decimal 465)
   defining Unicode char U+01D2 (decimal 466)
   defining Unicode char U+01D3 (decimal 467)
   defining Unicode char U+01D4 (decimal 468)
   defining Unicode char U+01E2 (decimal 482)
   defining Unicode char U+01E3 (decimal 483)
   defining Unicode char U+01E6 (decimal 486)
   defining Unicode char U+01E7 (decimal 487)
   defining Unicode char U+01E8 (decimal 488)
   defining Unicode char U+01E9 (decimal 489)
   defining Unicode char U+01EA (decimal 490)
   defining Unicode char U+01EB (decimal 491)
   defining Unicode char U+01F0 (decimal 496)
   defining Unicode char U+01F4 (decimal 500)
   defining Unicode char U+01F5 (decimal 501)
   defining Unicode char U+0218 (decimal 536)
   defining Unicode char U+0219 (decimal 537)
   defining Unicode char U+021A (decimal 538)
   defining Unicode char U+021B (decimal 539)
   defining Unicode char U+0232 (decimal 562)
   defining Unicode char U+0233 (decimal 563)
   defining Unicode char U+0237 (decimal 567)
   defining Unicode char U+02D9 (decimal 729)
   defining Unicode char U+02DB (decimal 731)
   defining Unicode char U+1E02 (decimal 7682)
   defining Unicode char U+1E03 (decimal 7683)
   defining Unicode char U+1E0D (decimal 7693)
   defining Unicode char U+1E1E (decimal 7710)
   defining Unicode char U+1E1F (decimal 7711)
   defining Unicode char U+1E25 (decimal 7717)
   defining Unicode char U+1E30 (decimal 7728)
   defining Unicode char U+1E31 (decimal 7729)
   defining Unicode char U+1E37 (decimal 7735)
   defining Unicode char U+1E8E (decimal 7822)
   defining Unicode char U+1E8F (decimal 7823)
   defining Unicode char U+1E43 (decimal 7747)
   defining Unicode char U+1E45 (decimal 7749)
   defining Unicode char U+1E47 (decimal 7751)
   defining Unicode char U+1E5B (decimal 7771)
   defining Unicode char U+1E63 (decimal 7779)
   defining Unicode char U+1E6D (decimal 7789)
   defining Unicode char U+1E90 (decimal 7824)
   defining Unicode char U+1E91 (decimal 7825)
   defining Unicode char U+1E9E (decimal 7838)
   defining Unicode char U+1EF2 (decimal 7922)
   defining Unicode char U+1EF3 (decimal 7923)
   defining Unicode char U+200C (decimal 8204)
   defining Unicode char U+2010 (decimal 8208)
   defining Unicode char U+2011 (decimal 8209)
   defining Unicode char U+2012 (decimal 8210)
   defining Unicode char U+2013 (decimal 8211)
   defining Unicode char U+2014 (decimal 8212)
   defining Unicode char U+2015 (decimal 8213)
   defining Unicode char U+2018 (decimal 8216)
   defining Unicode char U+2019 (decimal 8217)
   defining Unicode char U+201A (decimal 8218)
   defining Unicode char U+201C (decimal 8220)
   defining Unicode char U+201D (decimal 8221)
   defining Unicode char U+201E (decimal 8222)
   defining Unicode char U+2030 (decimal 8240)
   defining Unicode char U+2031 (decimal 8241)
   defining Unicode char U+2039 (decimal 8249)
   defining Unicode char U+203A (decimal 8250)
   defining Unicode char U+2423 (decimal 9251)
   defining Unicode char U+1E20 (decimal 7712)
   defining Unicode char U+1E21 (decimal 7713)
   defining Unicode char U+FB00 (decimal 64256)
   defining Unicode char U+FB01 (decimal 64257)
   defining Unicode char U+FB02 (decimal 64258)
   defining Unicode char U+FB03 (decimal 64259)
   defining Unicode char U+FB04 (decimal 64260)
   defining Unicode char U+FB05 (decimal 64261)
   defining Unicode char U+FB06 (decimal 64262)
)
Now handling font encoding TS1 ...
... processing UTF-8 mapping file for font encoding TS1

(D:\Application\MiKTeX\tex/latex/base\ts1enc.dfu
File: ts1enc.dfu 2022/06/07 v1.3c UTF-8 support
   defining Unicode char U+00A2 (decimal 162)
   defining Unicode char U+00A3 (decimal 163)
   defining Unicode char U+00A4 (decimal 164)
   defining Unicode char U+00A5 (decimal 165)
   defining Unicode char U+00A6 (decimal 166)
   defining Unicode char U+00A7 (decimal 167)
   defining Unicode char U+00A8 (decimal 168)
   defining Unicode char U+00A9 (decimal 169)
   defining Unicode char U+00AA (decimal 170)
   defining Unicode char U+00AC (decimal 172)
   defining Unicode char U+00AE (decimal 174)
   defining Unicode char U+00AF (decimal 175)
   defining Unicode char U+00B0 (decimal 176)
   defining Unicode char U+00B1 (decimal 177)
   defining Unicode char U+00B2 (decimal 178)
   defining Unicode char U+00B3 (decimal 179)
   defining Unicode char U+00B4 (decimal 180)
   defining Unicode char U+00B5 (decimal 181)
   defining Unicode char U+00B6 (decimal 182)
   defining Unicode char U+00B7 (decimal 183)
   defining Unicode char U+00B9 (decimal 185)
   defining Unicode char U+00BA (decimal 186)
   defining Unicode char U+00BC (decimal 188)
   defining Unicode char U+00BD (decimal 189)
   defining Unicode char U+00BE (decimal 190)
   defining Unicode char U+00D7 (decimal 215)
   defining Unicode char U+00F7 (decimal 247)
   defining Unicode char U+0192 (decimal 402)
   defining Unicode char U+02C7 (decimal 711)
   defining Unicode char U+02D8 (decimal 728)
   defining Unicode char U+02DD (decimal 733)
   defining Unicode char U+0E3F (decimal 3647)
   defining Unicode char U+2016 (decimal 8214)
   defining Unicode char U+2020 (decimal 8224)
   defining Unicode char U+2021 (decimal 8225)
   defining Unicode char U+2022 (decimal 8226)
   defining Unicode char U+2030 (decimal 8240)
   defining Unicode char U+2031 (decimal 8241)
   defining Unicode char U+203B (decimal 8251)
   defining Unicode char U+203D (decimal 8253)
   defining Unicode char U+2044 (decimal 8260)
   defining Unicode char U+204E (decimal 8270)
   defining Unicode char U+2052 (decimal 8274)
   defining Unicode char U+20A1 (decimal 8353)
   defining Unicode char U+20A4 (decimal 8356)
   defining Unicode char U+20A6 (decimal 8358)
   defining Unicode char U+20A9 (decimal 8361)
   defining Unicode char U+20AB (decimal 8363)
   defining Unicode char U+20AC (decimal 8364)
   defining Unicode char U+20B1 (decimal 8369)
   defining Unicode char U+2103 (decimal 8451)
   defining Unicode char U+2116 (decimal 8470)
   defining Unicode char U+2117 (decimal 8471)
   defining Unicode char U+211E (decimal 8478)
   defining Unicode char U+2120 (decimal 8480)
   defining Unicode char U+2122 (decimal 8482)
   defining Unicode char U+2126 (decimal 8486)
   defining Unicode char U+2127 (decimal 8487)
   defining Unicode char U+212E (decimal 8494)
   defining Unicode char U+2190 (decimal 8592)
   defining Unicode char U+2191 (decimal 8593)
   defining Unicode char U+2192 (decimal 8594)
   defining Unicode char U+2193 (decimal 8595)
   defining Unicode char U+2329 (decimal 9001)
   defining Unicode char U+3008 (decimal 12296)
   defining Unicode char U+232A (decimal 9002)
   defining Unicode char U+3009 (decimal 12297)
   defining Unicode char U+2422 (decimal 9250)
   defining Unicode char U+25E6 (decimal 9702)
   defining Unicode char U+25EF (decimal 9711)
   defining Unicode char U+266A (decimal 9834)
   defining Unicode char U+27E8 (decimal 10216)
   defining Unicode char U+27E9 (decimal 10217)
   defining Unicode char U+FEFF (decimal 65279)
)
Now handling font encoding OMX ...
... no UTF-8 mapping file for font encoding OMX
Now handling font encoding U ...
... no UTF-8 mapping file for font encoding U
   defining Unicode char U+00A9 (decimal 169)
   defining Unicode char U+00AA (decimal 170)
   defining Unicode char U+00AE (decimal 174)
   defining Unicode char U+00BA (decimal 186)
   defining Unicode char U+02C6 (decimal 710)
   defining Unicode char U+02DC (decimal 732)
   defining Unicode char U+200C (decimal 8204)
   defining Unicode char U+2026 (decimal 8230)
   defining Unicode char U+2122 (decimal 8482)
   defining Unicode char U+2423 (decimal 9251)
   defining Unicode char U+FEFF (decimal 65279)
)
Already applied: [0000/00/00] UTF-8 default on input line 25896.
Skipping: [2025/11/01] automatic par insertion on input line 25943.
Applying: [0000/00/00] automatic par insertion on input line 25947.
) (rsproca_new.cls
Document Class: rsproca_new 2014/16/12 v1.0 Standard LaTeX document class
(D:\Application\MiKTeX\tex/latex/vruler\vruler.sty 2.3 <24/10/96>
    VRULER version 2.3 Octorber 1996 By Z Jiang
    University of New England, Australia
    Email: zhuhan@neumann.une.edu.au
)
(D:\Application\MiKTeX\tex/latex/crop\crop.sty
Package: crop 2017/11/19 1.10 crop marks (mf)

(D:\Application\MiKTeX\tex/generic/iftex\ifluatex.sty
Package: ifluatex 2019/10/25 v1.5 ifluatex legacy package. Use iftex instead.

(D:\Application\MiKTeX\tex/generic/iftex\iftex.sty
Package: iftex 2022/02/03 v1.0f TeX engine tests
))
\CROP@index=\count286

(D:\Application\MiKTeX\tex/latex/graphics\color.sty
Package: color 2026-05-17 v1.3f Standard LaTeX Color (DPC)

(D:\Application\MiKTeX\tex/latex/graphics-cfg\color.cfg
File: color.cfg 2016/01/02 v1.6 sample color configuration
)
Package color Info: Driver file: pdftex.def on input line 149.

(D:\Application\MiKTeX\tex/latex/graphics-def\pdftex.def
File: pdftex.def 2022/09/22 v1.2b Graphics/color driver for pdftex
)
(D:\Application\MiKTeX\tex/latex/graphics\mathcolor.ltx))
(D:\Application\MiKTeX\tex/latex/graphics\graphics.sty
Rollback for package 'graphics' requested -> date 2025-06-01.
         Best approximation is the release introduced on 2019-10-01.
Package: graphics 2026-05-17 v1.4h Standard LaTeX Graphics (DPC,SPQR)

(D:\Application\MiKTeX\tex/latex/graphics\trig.sty
Package: trig 2023/12/02 v1.11 sin cos tan (DPC)
)
(D:\Application\MiKTeX\tex/latex/graphics-cfg\graphics.cfg
File: graphics.cfg 2016/06/04 v1.11 sample graphics configuration
)
Package graphics Info: Driver file: pdftex.def on input line 106.
)
\CROP@offset=\count287
Package crop Info: Local config file crop.cfg used on input line 622.

(D:\Application\MiKTeX\tex/xelatex/xetexconfig\crop.cfg))
(D:\Application\MiKTeX\tex/latex/amsmath\amsmath.sty
Rollback for package 'amsmath' requested -> date 2025-06-01.
         Best approximation is the release introduced on 2019-04-01.
Package: amsmath 2023/05/13 v2.17o AMS math features
\@mathmargin=\skip49

For additional information on amsmath, use the `?' option.
(D:\Application\MiKTeX\tex/latex/amsmath\amstext.sty
Package: amstext 2021/08/26 v2.01 AMS text

(D:\Application\MiKTeX\tex/latex/amsmath\amsgen.sty
File: amsgen.sty 1999/11/30 v2.0 generic functions
\@emptytoks=\toks34
\ex@=\dimen155
))
(D:\Application\MiKTeX\tex/latex/amsmath\amsbsy.sty
Package: amsbsy 1999/11/29 v1.2d Bold Symbols
\pmbraise@=\dimen156
)
(D:\Application\MiKTeX\tex/latex/amsmath\amsopn.sty
Package: amsopn 2022/04/08 v2.04 operator names
)
\inf@bad=\count288
LaTeX Info: Redefining \frac on input line 234.
\uproot@=\count289
\leftroot@=\count290
LaTeX Info: Redefining \overline on input line 399.
LaTeX Info: Redefining \colon on input line 410.
\classnum@=\count291
\DOTSCASE@=\count292
LaTeX Info: Redefining \ldots on input line 496.
LaTeX Info: Redefining \dots on input line 499.
LaTeX Info: Redefining \cdots on input line 620.
\Mathstrutbox@=\box59
\strutbox@=\box60
LaTeX Info: Redefining \big on input line 722.
LaTeX Info: Redefining \Big on input line 723.
LaTeX Info: Redefining \bigg on input line 724.
LaTeX Info: Redefining \Bigg on input line 725.
\big@size=\dimen157
LaTeX Font Info:    Redeclaring font encoding OML on input line 743.
LaTeX Font Info:    Redeclaring font encoding OMS on input line 744.
\macc@depth=\count293
LaTeX Info: Redefining \bmod on input line 905.
LaTeX Info: Redefining \pmod on input line 910.
LaTeX Info: Redefining \smash on input line 940.
LaTeX Info: Redefining \relbar on input line 970.
LaTeX Info: Redefining \Relbar on input line 971.
\c@MaxMatrixCols=\count294
\dotsspace@=\muskip17
\c@parentequation=\count295
\dspbrk@lvl=\count296
\tag@help=\toks35
\row@=\count297
\column@=\count298
\maxfields@=\count299
\andhelp@=\toks36
\eqnshift@=\dimen158
\alignsep@=\dimen159
\tagshift@=\dimen160
\tagwidth@=\dimen161
\totwidth@=\dimen162
\lineht@=\dimen163
\@envbody=\toks37
\multlinegap=\skip50
\multlinetaggap=\skip51
\mathdisplay@stack=\toks38
LaTeX Info: Redefining \[ on input line 2953.
LaTeX Info: Redefining \] on input line 2954.
)
(D:\Application\MiKTeX\tex/latex/amsfonts\amssymb.sty
Package: amssymb 2013/01/14 v3.01 AMS font symbols

(D:\Application\MiKTeX\tex/latex/amsfonts\amsfonts.sty
Package: amsfonts 2013/01/14 v3.01 Basic AMSFonts support
\symAMSa=\mathgroup4
\symAMSb=\mathgroup5
LaTeX Font Info:    Redeclaring math symbol \hbar on input line 98.
LaTeX Font Info:    Overwriting math alphabet `\mathfrak' in version `bold'
(Font)                  U/euf/m/n --> U/euf/b/n on input line 106.
))
(D:\Application\MiKTeX\tex/latex/amscls\upref.sty
Package: upref 2007/03/14 v2.04
)
(D:\Application\MiKTeX\tex/latex/endnotes\endnotes.sty
Package: endnotes 2020-01-02 endnotes package
\c@endnote=\count300
\endnotesep=\dimen164
\@enotes=\write3
)
(D:\Application\MiKTeX\tex/latex/amscls\amsthm.sty
Package: amsthm 2020/05/29 v2.20.6
\thm@style=\toks39
\thm@bodyfont=\toks40
\thm@headfont=\toks41
\thm@notefont=\toks42
\thm@headpunct=\toks43
\thm@preskip=\skip52
\thm@postskip=\skip53
\thm@headsep=\skip54
\dth@everypar=\toks44
)
(D:\Application\MiKTeX\tex/latex/marginnote\marginnote.sty
Package: marginnote 2026/01/02 1.4d non floating margin notes for LaTeX 
\c@mn@abspage=\count301
)
(D:\Application\MiKTeX\tex/generic/soul\soul.sty
Package: soul 2023-06-14 v3.1 Permit use of UTF-8 characters in soul (HO)

(D:\Application\MiKTeX\tex/generic/soul\soul-ori.sty
Package: soul-ori 2023-06-14 v3.1 letterspacing/underlining (mf)
\SOUL@word=\toks45
\SOUL@lasttoken=\toks46
\SOUL@syllable=\toks47
\SOUL@cmds=\toks48
\SOUL@buffer=\toks49
\SOUL@token=\toks50
\SOUL@syllgoal=\dimen165
\SOUL@syllwidth=\dimen166
\SOUL@charkern=\dimen167
\SOUL@hyphkern=\dimen168
\SOUL@dimen=\dimen169
\SOUL@dimeni=\dimen170
\SOUL@minus=\count302
\SOUL@comma=\count303
\SOUL@apo=\count304
\SOUL@grave=\count305
\SOUL@spaceskip=\skip55
\SOUL@ttwidth=\dimen171
\SOUL@uldp=\dimen172
\SOUL@ulht=\dimen173
)
(D:\Application\MiKTeX\tex/generic/infwarerr\infwarerr.sty
Package: infwarerr 2019/12/03 v1.5 Providing info/warning/error messages (HO)
)
(D:\Application\MiKTeX\tex/generic/etexcmds\etexcmds.sty
Package: etexcmds 2019/12/15 v1.7 Avoid name clashes with e-TeX commands (HO)
))
(D:\Application\MiKTeX\tex/latex/graphics\graphicx.sty
Package: graphicx 2026-05-17 v1.2e Enhanced LaTeX Graphics (DPC,SPQR)

(D:\Application\MiKTeX\tex/latex/graphics\keyval.sty
Package: keyval 2026-05-17 v1.15 key=value parser (DPC)
\KV@toks@=\toks51
)
\Gin@req@height=\dimen174
\Gin@req@width=\dimen175
)
(D:\Application\MiKTeX\tex/latex/graphics\rotating.sty
Package: rotating 2026-05-17 v2.16e rotated objects in LaTeX

(D:\Application\MiKTeX\tex/latex/base\ifthen.sty
Package: ifthen 2024/03/16 v1.1e Standard LaTeX ifthen package (DPC)
)
\c@r@tfl@t=\count306
\rotFPtop=\skip56
\rotFPbot=\skip57
\rot@float@box=\box61
\rot@mess@toks=\toks52
)
(D:\Application\MiKTeX\tex/latex/tools\dcolumn.sty
Package: dcolumn 2025/10/21 v1.06 decimal alignment package (DPC)

(D:\Application\MiKTeX\tex/latex/tools\array.sty
Rollback for package 'array' requested -> date 2025-06-01.
         Best approximation is the release introduced on 2024-06-01.

(D:\Application\MiKTeX\tex/latex/tools\array-2024-06-01.sty
Package: array 2025/09/25 v2.6n Tabular extension package (FMi)
\col@sep=\dimen176
\ar@mcellbox=\box62
\extrarowheight=\dimen177
\NC@list=\toks53
\extratabsurround=\skip58
\backup@length=\skip59
\ar@cellbox=\box63
)))
(D:\Application\MiKTeX\tex/latex/base\fontenc.sty
Package: fontenc 2025/07/18 v2.1d Standard LaTeX package
)
(D:\Application\MiKTeX\tex/latex/psnfss\palatino.sty
Package: palatino 2020/03/25 PSNFSS-v9.3 (SPQR) 
)
(D:\Application\MiKTeX\tex/latex/psnfss\helvet.sty
Package: helvet 2020/03/25 PSNFSS-v9.3 (WaS) 
)
\catchlinewd=\dimen178
\dcht=\dimen179
\frametextht=\dimen180
\myrunhwidth=\skip60
LaTeX Font Info:    Trying to load font information for T1+phv on input line 48
1.

(D:\Application\MiKTeX\tex/latex/psnfss\t1phv.fd
File: t1phv.fd 2020/03/25 scalable font definitions for T1/phv.
)
LaTeX Font Info:    Font shape `T1/phv/m/n' will be
(Font)              scaled to size 9.35007pt on input line 481.
\c@part=\count307
\c@section=\count308
\c@subsection=\count309
\c@subsubsection=\count310
\c@paragraph=\count311
\c@subparagraph=\count312
\c@figure=\count313
\c@scheme=\count314
\c@table=\count315
\abovecaptionskip=\skip61
\belowcaptionskip=\skip62
\leftnoteskip=\dimen181

(D:\Application\MiKTeX\tex/latex/colortbl\colortbl.sty
Package: colortbl 2026/05/01 v1.0l Color table columns (DPC)
\everycr=\toks54
\minrowclearance=\skip63
\rownum=\count316
)
\absbox=\box64
\fmtextbox=\box65
\c@mythm=\count317
\rotdimen=\dimen182
\symEulerExtension=\mathgroup6
LaTeX Font Info:    Redeclaring math symbol \intop on input line 1423.
LaTeX Font Info:    Redeclaring math symbol \ointop on input line 1424.
\eqntext=\dimen183

(D:\Application\MiKTeX\tex/latex/hyperref\hyperref.sty
Package: hyperref 2023-11-26 v7.01g Hypertext links for LaTeX

(D:\Application\MiKTeX\tex/latex/kvsetkeys\kvsetkeys.sty
Package: kvsetkeys 2022-10-05 v1.19 Key value parser (HO)
)
(D:\Application\MiKTeX\tex/generic/kvdefinekeys\kvdefinekeys.sty
Package: kvdefinekeys 2019-12-19 v1.6 Define keys (HO)
)
(D:\Application\MiKTeX\tex/generic/pdfescape\pdfescape.sty
Package: pdfescape 2019/12/09 v1.15 Implements pdfTeX's escape features (HO)

(D:\Application\MiKTeX\tex/generic/ltxcmds\ltxcmds.sty
Package: ltxcmds 2023-12-04 v1.26 LaTeX kernel commands for general use (HO)
)
(D:\Application\MiKTeX\tex/generic/pdftexcmds\pdftexcmds.sty
Package: pdftexcmds 2020-06-27 v0.33 Utility functions of pdfTeX for LuaTeX (HO
)
Package pdftexcmds Info: \pdf@primitive is available.
Package pdftexcmds Info: \pdf@ifprimitive is available.
Package pdftexcmds Info: \pdfdraftmode found.
))
(D:\Application\MiKTeX\tex/latex/hycolor\hycolor.sty
Package: hycolor 2020-01-27 v1.10 Color options for hyperref/bookmark (HO)
)
(D:\Application\MiKTeX\tex/latex/letltxmacro\letltxmacro.sty
Package: letltxmacro 2019/12/03 v1.6 Let assignment for LaTeX macros (HO)
)
(D:\Application\MiKTeX\tex/latex/auxhook\auxhook.sty
Package: auxhook 2019-12-17 v1.6 Hooks for auxiliary files (HO)
)
(D:\Application\MiKTeX\tex/latex/hyperref\nameref.sty
Package: nameref 2023-11-26 v2.56 Cross-referencing by name of section

(D:\Application\MiKTeX\tex/latex/refcount\refcount.sty
Package: refcount 2019/12/15 v3.6 Data extraction from label references (HO)
)
(D:\Application\MiKTeX\tex/generic/gettitlestring\gettitlestring.sty
Package: gettitlestring 2019/12/15 v1.6 Cleanup title references (HO)

(D:\Application\MiKTeX\tex/latex/kvoptions\kvoptions.sty
Package: kvoptions 2022-06-15 v3.15 Key value format for package options (HO)
))
\c@section@level=\count318
)
(D:\Application\MiKTeX\tex/latex/etoolbox\etoolbox.sty
Package: etoolbox 2020/10/05 v2.5k e-TeX tools for LaTeX (JAW)
\etb@tempcnta=\count319
)
\@linkdim=\dimen184
\Hy@linkcounter=\count320
\Hy@pagecounter=\count321

(D:\Application\MiKTeX\tex/latex/hyperref\pd1enc.def
File: pd1enc.def 2023-11-26 v7.01g Hyperref: PDFDocEncoding definition (HO)
Now handling font encoding PD1 ...
... no UTF-8 mapping file for font encoding PD1
)
(D:\Application\MiKTeX\tex/generic/intcalc\intcalc.sty
Package: intcalc 2019/12/15 v1.3 Expandable calculations with integers (HO)
)
\Hy@SavedSpaceFactor=\count322

(D:\Application\MiKTeX\tex/latex/hyperref\puenc.def
File: puenc.def 2023-11-26 v7.01g Hyperref: PDF Unicode definition (HO)
Now handling font encoding PU ...
... no UTF-8 mapping file for font encoding PU
)
Package hyperref Info: Option `bookmarksnumbered' set `true' on input line 4064
.
Package hyperref Info: Option `raiselinks' set `true' on input line 4064.
Package hyperref Info: Option `breaklinks' set `true' on input line 4064.
Package hyperref Info: Hyper figures OFF on input line 4181.
Package hyperref Info: Link nesting OFF on input line 4186.
Package hyperref Info: Hyper index ON on input line 4189.
Package hyperref Info: Plain pages OFF on input line 4196.
Package hyperref Info: Backreferencing OFF on input line 4201.
Package hyperref Info: Implicit mode ON; LaTeX internals redefined.
Package hyperref Info: Bookmarks ON on input line 4448.
\c@Hy@tempcnt=\count323

(D:\Application\MiKTeX\tex/latex/url\url.sty
\Urlmuskip=\muskip18
Package: url 2013/09/16  ver 3.4  Verb mode for urls, etc.
)
LaTeX Info: Redefining \url on input line 4786.
\XeTeXLinkMargin=\dimen185

(D:\Application\MiKTeX\tex/generic/bitset\bitset.sty
Package: bitset 2019/12/09 v1.3 Handle bit-vector datatype (HO)

(D:\Application\MiKTeX\tex/generic/bigintcalc\bigintcalc.sty
Package: bigintcalc 2019/12/15 v1.5 Expandable calculations on big integers (HO
)
))
\Fld@menulength=\count324
\Field@Width=\dimen186
\Fld@charsize=\dimen187
Package hyperref Info: Hyper figures OFF on input line 6065.
Package hyperref Info: Link nesting OFF on input line 6070.
Package hyperref Info: Hyper index ON on input line 6073.
Package hyperref Info: backreferencing OFF on input line 6080.
Package hyperref Info: Link coloring OFF on input line 6085.
Package hyperref Info: Link coloring with OCG OFF on input line 6090.
Package hyperref Info: PDF/A mode OFF on input line 6095.

(D:\Application\MiKTeX\tex/latex/base\atbegshi-ltx.sty
Package: atbegshi-ltx 2021/01/10 v1.0c Emulation of the original atbegshi
package with kernel methods
)
\Hy@abspage=\count325
\c@Item=\count326
\c@Hfootnote=\count327


LaTeX Warning: Command `\theHfootnote' already defined -- not changed on input 
line 7264.

)
Package hyperref Info: Driver (autodetected): hpdftex.
 (D:\Application\MiKTeX\tex/latex/hyperref\hpdftex.def
File: hpdftex.def 2023-11-26 v7.01g Hyperref driver for pdfTeX

(D:\Application\MiKTeX\tex/latex/base\atveryend-ltx.sty
Package: atveryend-ltx 2020/08/19 v1.0a Emulation of the original atveryend pac
kage
with kernel methods
)
\Fld@listcount=\count328
\c@bookmark@seq@number=\count329

(D:\Application\MiKTeX\tex/latex/rerunfilecheck\rerunfilecheck.sty
Package: rerunfilecheck 2025-06-21 v1.11 Rerun checks for auxiliary files (HO)

(D:\Application\MiKTeX\tex/generic/uniquecounter\uniquecounter.sty
Package: uniquecounter 2019/12/15 v1.4 Provide unlimited unique counter (HO)
)
Package uniquecounter Info: New unique counter `rerunfilecheck' on input line 2
84.
)
\Hy@SectionHShift=\skip64
)
Package hyperref Info: Option `colorlinks' set `true' on input line 1494.

(D:\Application\MiKTeX\tex/latex/biblatex\biblatex.sty
Package: biblatex 2025/07/10 v3.21 programmable bibliographies (PK/MW)

(D:\Application\MiKTeX\tex/latex/logreq\logreq.sty
Package: logreq 2010/08/04 v1.0 xml request logger
\lrq@indent=\count330

(D:\Application\MiKTeX\tex/latex/logreq\logreq.def
File: logreq.def 2010/08/04 v1.0 logreq spec v1.0
))
\c@tabx@nest=\count331
\c@listtotal=\count332
\c@listcount=\count333
\c@liststart=\count334
\c@liststop=\count335
\c@citecount=\count336
\c@citetotal=\count337
\c@multicitecount=\count338
\c@multicitetotal=\count339
\c@instcount=\count340
\c@maxnames=\count341
\c@minnames=\count342
\c@maxitems=\count343
\c@minitems=\count344
\c@citecounter=\count345
\c@maxcitecounter=\count346
\c@savedcitecounter=\count347
\c@uniquelist=\count348
\c@uniquename=\count349
\c@refsection=\count350
\c@refsegment=\count351
\c@maxextratitle=\count352
\c@maxextratitleyear=\count353
\c@maxextraname=\count354
\c@maxextradate=\count355
\c@maxextraalpha=\count356
\c@abbrvpenalty=\count357
\c@highnamepenalty=\count358
\c@lownamepenalty=\count359
\c@maxparens=\count360
\c@parenlevel=\count361
\blx@tempcnta=\count362
\blx@tempcntb=\count363
\blx@tempcntc=\count364
\c@blx@maxsection=\count365
\blx@maxsegment@0=\count366
\blx@notetype=\count367
\blx@parenlevel@text=\count368
\blx@parenlevel@foot=\count369
\blx@sectionciteorder@0=\count370
\blx@sectionciteorderinternal@0=\count371
\blx@entrysetcounter=\count372
\blx@biblioinstance=\count373
\labelnumberwidth=\skip65
\labelalphawidth=\skip66
\biblabelsep=\skip67
\bibitemsep=\skip68
\bibnamesep=\skip69
\bibinitsep=\skip70
\bibparsep=\skip71
\bibhang=\skip72
\blx@bcfin=\read5
\blx@bcfout=\write4
\blx@langwohyphens=\language79
\c@mincomprange=\count374
\c@maxcomprange=\count375
\c@mincompwidth=\count376
Package biblatex Info: Trying to load biblatex default data model...
Package biblatex Info: ... file 'blx-dm.def' found.

(D:\Application\MiKTeX\tex/latex/biblatex\blx-dm.def
File: blx-dm.def 2025/07/10 v3.21 biblatex datamodel (PK/MW)
)
Package biblatex Info: Trying to load biblatex style data model...
Package biblatex Info: ... file 'phys.dbx' found.

(D:\Application\MiKTeX\tex/latex/biblatex-phys\phys.dbx
File: phys.dbx 2025/04/09 v1.1e biblatex database model extension
)
Package biblatex Info: Trying to load biblatex custom data model...
Package biblatex Info: ... file 'biblatex-dm.cfg' not found.
\c@afterword=\count377
\c@savedafterword=\count378
\c@annotator=\count379
\c@savedannotator=\count380
\c@author=\count381
\c@savedauthor=\count382
\c@bookauthor=\count383
\c@savedbookauthor=\count384
\c@commentator=\count385
\c@savedcommentator=\count386
\c@editor=\count387
\c@savededitor=\count388
\c@editora=\count389
\c@savededitora=\count390
\c@editorb=\count391
\c@savededitorb=\count392
\c@editorc=\count393
\c@savededitorc=\count394
\c@foreword=\count395
\c@savedforeword=\count396
\c@holder=\count397
\c@savedholder=\count398
\c@introduction=\count399
\c@savedintroduction=\count400
\c@namea=\count401
\c@savednamea=\count402
\c@nameb=\count403
\c@savednameb=\count404
\c@namec=\count405
\c@savednamec=\count406
\c@translator=\count407
\c@savedtranslator=\count408
\c@shortauthor=\count409
\c@savedshortauthor=\count410
\c@shorteditor=\count411
\c@savedshorteditor=\count412
\c@labelname=\count413
\c@savedlabelname=\count414
\c@institution=\count415
\c@savedinstitution=\count416
\c@lista=\count417
\c@savedlista=\count418
\c@listb=\count419
\c@savedlistb=\count420
\c@listc=\count421
\c@savedlistc=\count422
\c@listd=\count423
\c@savedlistd=\count424
\c@liste=\count425
\c@savedliste=\count426
\c@listf=\count427
\c@savedlistf=\count428
\c@location=\count429
\c@savedlocation=\count430
\c@organization=\count431
\c@savedorganization=\count432
\c@origlocation=\count433
\c@savedoriglocation=\count434
\c@origpublisher=\count435
\c@savedorigpublisher=\count436
\c@publisher=\count437
\c@savedpublisher=\count438
\c@language=\count439
\c@savedlanguage=\count440
\c@origlanguage=\count441
\c@savedoriglanguage=\count442
\c@pageref=\count443
\c@savedpageref=\count444
\shorthandwidth=\skip73
\shortjournalwidth=\skip74
\shortserieswidth=\skip75
\shorttitlewidth=\skip76
\shortauthorwidth=\skip77
\shorteditorwidth=\skip78
\locallabelnumberwidth=\skip79
\locallabelalphawidth=\skip80
\localshorthandwidth=\skip81
\localshortjournalwidth=\skip82
\localshortserieswidth=\skip83
\localshorttitlewidth=\skip84
\localshortauthorwidth=\skip85
\localshorteditorwidth=\skip86
Package biblatex Info: Trying to load compatibility code...
Package biblatex Info: ... file 'blx-compat.def' found.

(D:\Application\MiKTeX\tex/latex/biblatex\blx-compat.def
File: blx-compat.def 2025/07/10 v3.21 biblatex compatibility (PK/MW)
)
Package biblatex Info: Trying to load generic definitions...
Package biblatex Info: ... file 'biblatex.def' found.

(D:\Application\MiKTeX\tex/latex/biblatex\biblatex.def
File: biblatex.def 2025/07/10 v3.21 biblatex compatibility (PK/MW)
\c@textcitecount=\count445
\c@textcitetotal=\count446
\c@textcitemaxnames=\count447
\c@biburlbigbreakpenalty=\count448
\c@biburlbreakpenalty=\count449
\c@biburlnumpenalty=\count450
\c@biburlucpenalty=\count451
\c@biburllcpenalty=\count452
\biburlbigskip=\muskip19
\biburlnumskip=\muskip20
\biburlucskip=\muskip21
\biburllcskip=\muskip22
\c@smartand=\count453
)
Package biblatex Info: Trying to load bibliography style 'phys'...
Package biblatex Info: ... file 'phys.bbx' found.

(D:\Application\MiKTeX\tex/latex/biblatex-phys\phys.bbx
File: phys.bbx 2025/04/09 v1.1e biblatex bibliography style
Package biblatex Info: Trying to load bibliography style 'numeric-comp'...
Package biblatex Info: ... file 'numeric-comp.bbx' found.

(D:\Application\MiKTeX\tex/latex/biblatex/bbx\numeric-comp.bbx
File: numeric-comp.bbx 2025/07/10 v3.21 biblatex bibliography style (PK/MW)
Package biblatex Info: Trying to load bibliography style 'numeric'...
Package biblatex Info: ... file 'numeric.bbx' found.

(D:\Application\MiKTeX\tex/latex/biblatex/bbx\numeric.bbx
File: numeric.bbx 2025/07/10 v3.21 biblatex bibliography style (PK/MW)
Package biblatex Info: Trying to load bibliography style 'standard'...
Package biblatex Info: ... file 'standard.bbx' found.

(D:\Application\MiKTeX\tex/latex/biblatex/bbx\standard.bbx
File: standard.bbx 2025/07/10 v3.21 biblatex bibliography style (PK/MW)
\c@bbx:relatedcount=\count454
\c@bbx:relatedtotal=\count455
))))
Package biblatex Info: Trying to load citation style 'phys'...
Package biblatex Info: ... file 'phys.cbx' found.

(D:\Application\MiKTeX\tex/latex/biblatex-phys\phys.cbx
File: phys.cbx 2025/04/09 v1.1e biblatex citation style
Package biblatex Info: Trying to load citation style 'numeric-comp'...
Package biblatex Info: ... file 'numeric-comp.cbx' found.

(D:\Application\MiKTeX\tex/latex/biblatex/cbx\numeric-comp.cbx
File: numeric-comp.cbx 2025/07/10 v3.21 biblatex citation style (PK/MW)
\c@cbx@tempcnta=\count456
\c@cbx@tempcntb=\count457
\c@cbx@tempcntc=\count458
\c@cbx@tempcntd=\count459
Package biblatex Info: Redefining '\cite'.
Package biblatex Info: Redefining '\parencite'.
Package biblatex Info: Redefining '\footcite'.
Package biblatex Info: Redefining '\footcitetext'.
Package biblatex Info: Redefining '\smartcite'.
Package biblatex Info: Redefining '\supercite'.
Package biblatex Info: Redefining '\textcite'.
Package biblatex Info: Redefining '\textcites'.
Package biblatex Info: Redefining '\cites'.
Package biblatex Info: Redefining '\parencites'.
Package biblatex Info: Redefining '\smartcites'.
))
Package biblatex Info: Trying to load configuration file...
Package biblatex Info: ... file 'biblatex.cfg' found.

(D:\Application\MiKTeX\tex/latex/biblatex\biblatex.cfg
File: biblatex.cfg 
)
Package biblatex Info: Input encoding 'utf8' detected.
Package biblatex Info: Document encoding is UTF8 ....

(D:\Application\MiKTeX\tex/latex/l3kernel\expl3.sty
Package: expl3 2026-04-28 L3 programming layer (loader) 

(D:\Application\MiKTeX\tex/latex/l3backend\l3backend-pdftex.def
File: l3backend-pdftex.def 2026-02-18 L3 backend support: PDF output (pdfTeX)
\l__color_backend_stack_int=\count460
))
Package biblatex Info: ... and expl3
(biblatex)             2026-04-28 L3 programming layer (loader) 
(biblatex)             is new enough (at least 2020/04/06),
(biblatex)             setting 'casechanger=expl3'.

(D:\Application\MiKTeX\tex/latex/biblatex\blx-case-expl3.sty
(D:\Application\MiKTeX\tex/latex/l3packages/xparse\xparse.sty
Package: xparse 2023-10-10 L3 Experimental document command parser
)
Package: blx-case-expl3 2025/07/10 v3.21 expl3 case changing code for biblatex
))
(D:\Application\MiKTeX\tex/latex/cleveref\cleveref.sty
Package: cleveref 2018/03/27 v0.21.4 Intelligent cross-referencing
Package cleveref Info: `hyperref' support loaded on input line 2370.
LaTeX Info: Redefining \cref on input line 2370.
LaTeX Info: Redefining \Cref on input line 2370.
LaTeX Info: Redefining \crefrange on input line 2370.
LaTeX Info: Redefining \Crefrange on input line 2370.
LaTeX Info: Redefining \cpageref on input line 2370.
LaTeX Info: Redefining \Cpageref on input line 2370.
LaTeX Info: Redefining \cpagerefrange on input line 2370.
LaTeX Info: Redefining \Cpagerefrange on input line 2370.
LaTeX Info: Redefining \labelcref on input line 2370.
LaTeX Info: Redefining \labelcpageref on input line 2370.
Package cleveref Info: `amsthm' support loaded on input line 3026.
Package cleveref Info: always capitalise cross-reference names on input line 78
25.
Package cleveref Info: include cross-reference names in hyperlinks on input lin
e 7836.
Package cleveref Info: always capitalise cross-reference names on input line 78
52.
Package cleveref Info: include cross-reference names in hyperlinks on input lin
e 7852.
))
(D:\Application\MiKTeX\tex/latex/booktabs\booktabs.sty
Package: booktabs 2020/01/12 v1.61803398 Publication quality tables
\heavyrulewidth=\dimen188
\lightrulewidth=\dimen189
\cmidrulewidth=\dimen190
\belowrulesep=\dimen191
\belowbottomsep=\dimen192
\aboverulesep=\dimen193
\abovetopsep=\dimen194
\cmidrulesep=\dimen195
\cmidrulekern=\dimen196
\defaultaddspace=\dimen197
\@cmidla=\count461
\@cmidlb=\count462
\@aboverulesep=\dimen198
\@belowrulesep=\dimen199
\@thisruleclass=\count463
\@lastruleclass=\count464
\@thisrulewidth=\dimen256
)
(D:\Application\MiKTeX\tex/latex/multirow\multirow.sty
Package: multirow 2024/11/12 v2.9 Span multiple rows of a table
\multirow@colwidth=\skip87
\multirow@cntb=\count465
\multirow@dima=\skip88
\bigstrutjot=\dimen257
)
(D:\Application\MiKTeX\tex/latex/float\float.sty
Package: float 2001/11/08 v1.3d Float enhancements (AL)
\c@float@type=\count466
\float@exts=\toks55
\float@box=\box66
\@float@everytoks=\toks56
\@floatcapt=\box67
)
(D:\Application\MiKTeX\tex/latex/placeins\placeins.sty
Package: placeins 2005/04/18  v 2.2
)
(D:\Application\MiKTeX\tex/latex/chngcntr\chngcntr.sty
Package: chngcntr 2018/04/09 v1.1a change counter resetting
Package chngcntr Info: \counterwithout already defined.
(chngcntr)             Quitting chngcntr on input line 21.
)
(D:\Application\MiKTeX\tex/latex/tools\xr.sty
Rollback for package 'xr' requested -> date 2025-06-01.
         Best approximation is the release introduced on 2024-12-22.
Package: xr 2024-12-22 v6.00 eXternal References (DPC)
)
Package xr Info: IMPORTING LABELS FROM main.aux on input line 36.
\@quotelevel=\count467
\@quotereset=\count468
LaTeX Font Info:    Trying to load font information for T1+ppl on input line 55
.

(D:\Application\MiKTeX\tex/latex/psnfss\t1ppl.fd
File: t1ppl.fd 2001/06/04 font definitions for T1/ppl.
) (appendix.aux

LaTeX Warning: Label `LastPage' multiply defined.

)
\openout1 = `appendix.aux'.

LaTeX Font Info:    Checking defaults for OML/cmm/m/it on input line 55.
LaTeX Font Info:    ... okay on input line 55.
LaTeX Font Info:    Checking defaults for OMS/cmsy/m/n on input line 55.
LaTeX Font Info:    ... okay on input line 55.
LaTeX Font Info:    Checking defaults for OT1/cmr/m/n on input line 55.
LaTeX Font Info:    ... okay on input line 55.
LaTeX Font Info:    Checking defaults for T1/cmr/m/n on input line 55.
LaTeX Font Info:    ... okay on input line 55.
LaTeX Font Info:    Checking defaults for TS1/cmr/m/n on input line 55.
LaTeX Font Info:    ... okay on input line 55.
LaTeX Font Info:    Checking defaults for OMX/cmex/m/n on input line 55.
LaTeX Font Info:    ... okay on input line 55.
LaTeX Font Info:    Checking defaults for U/cmr/m/n on input line 55.
LaTeX Font Info:    ... okay on input line 55.
LaTeX Font Info:    Checking defaults for PD1/pdf/m/n on input line 55.
LaTeX Font Info:    ... okay on input line 55.
LaTeX Font Info:    Checking defaults for PU/pdf/m/n on input line 55.
LaTeX Font Info:    ... okay on input line 55.
 (D:\Application\MiKTeX\tex/context/base/mkii\supp-pdf.mkii
[Loading MPS to PDF converter (version 2006.09.02).]
\scratchcounter=\count469
\scratchdimen=\dimen258
\scratchbox=\box68
\nofMPsegments=\count470
\nofMParguments=\count471
\everyMPshowfont=\toks57
\MPscratchCnt=\count472
\MPscratchDim=\dimen259
\MPnumerator=\count473
\makeMPintoPDFobject=\count474
\everyMPtoPDFconversion=\toks58
) (D:\Application\MiKTeX\tex/latex/epstopdf-pkg\epstopdf-base.sty
Package: epstopdf-base 2020-01-24 v2.11 Base part for package epstopdf
Package epstopdf-base Info: Redefining graphics rule for `.eps' on input line 4
85.

(D:\Application\MiKTeX\tex/latex/00miktex\epstopdf-sys.cfg
File: epstopdf-sys.cfg 2021/03/18 v2.0 Configuration of epstopdf for MiKTeX
))
Package crop Info: requested driver: `' on input line 55.
Package crop Info: detected driver: `pdftex' on input line 55.
Package crop Info: using `pdftex' graphics driver on input line 55.

(D:\Application\MiKTeX\tex/latex/tools\longtable.sty
Rollback for package 'longtable' requested -> date 2025-06-01.
         Best approximation is the release introduced on 2020-02-07.
Package: longtable 2026-01-28 v4.27 Multi-page Table package (DPC)
\LTleft=\skip89
\LTright=\skip90
\LTpre=\skip91
\LTpost=\skip92
\LTchunksize=\count475
\LTcapwidth=\dimen260
\LT@head=\box69
\LT@firsthead=\box70
\LT@foot=\box71
\LT@lastfoot=\box72
\LT@gbox=\box73
\LT@cols=\count476
\LT@rows=\count477
\c@LT@tables=\count478
\c@LT@chunks=\count479
\LT@p@ftn=\toks59
)
Package hyperref Info: Link coloring ON on input line 55.
 (appendix.out)
(appendix.out)
\@outlinefile=\write5
\openout5 = `appendix.out'.

Package biblatex Info: Trying to load language 'english'...
Package biblatex Info: ... file 'english.lbx' found.
 (D:\Application\MiKTeX\tex/latex/biblatex/lbx\english.lbx
File: english.lbx 2025/07/10 v3.21 biblatex localization (PK/MW)
)
Package biblatex Info: Input encoding 'utf8' detected.
Package biblatex Info: Automatic encoding selection.
(biblatex)             Assuming data encoding 'utf8'.
\openout4 = `appendix.bcf'.

Package biblatex Info: Trying to load bibliographic data...
Package biblatex Info: ... file 'appendix.bbl' found.

(appendix.bbl
LaTeX Font Info:    Trying to load font information for U+msa on input line 81.

 (D:\Application\MiKTeX\tex/latex/amsfonts\umsa.fd
File: umsa.fd 2013/01/14 v3.01 AMS symbols A
)
LaTeX Font Info:    Trying to load font information for U+msb on input line 81.


(D:\Application\MiKTeX\tex/latex/amsfonts\umsb.fd
File: umsb.fd 2013/01/14 v3.01 AMS symbols B
)
LaTeX Font Info:    Trying to load font information for U+euex on input line 81
.

(D:\Application\MiKTeX\tex/latex/amsfonts\ueuex.fd
File: ueuex.fd 2013/01/14 v3.01 Euler extra symbols
))
Package biblatex Info: Reference section=0 on input line 55.
Package biblatex Info: Reference segment=0 on input line 55.
LaTeX Font Info:    Font shape `T1/phv/m/n' will be
(Font)              scaled to size 13.6001pt on input line 74.
LaTeX Font Info:    Font shape `T1/phv/m/n' will be
(Font)              scaled to size 11.90009pt on input line 76.
LaTeX Font Info:    Font shape `T1/phv/b/n' will be
(Font)              scaled to size 7.22505pt on input line 122.
LaTeX Font Info:    Font shape `T1/phv/m/n' will be
(Font)              scaled to size 7.22505pt on input line 122.
LaTeX Font Info:    Trying to load font information for T1+pcr on input line 12
8.

(D:\Application\MiKTeX\tex/latex/psnfss\t1pcr.fd
File: t1pcr.fd 2001/06/04 font definitions for T1/pcr.
)

LaTeX Font Info:    Font shape `T1/phv/b/n' will be
(Font)              scaled to size 7.65005pt on input line 164.

Overfull \vbox (21.4162pt too high) has occurred while \output is active []


[1{C:/Users/huynh/AppData/Local/MiKTeX/fonts/map/pdftex/pdftex.map}{D:/Applicat
ion/MiKTeX/fonts/enc/dvips/base/8r.enc}



pdfTeX warning (ext4): destination with the same identifier (name{table.A.1}) h
as been already used, duplicate ignored
<argument> ...shipout:D \box_use:N \l_shipout_box 
                                                  \__shipout_drop_firstpage_...
l.164 \subsection
                 {The scaled payoff matrix at all ten scales}\label{appendix...
]
LaTeX Font Info:    Calculating math sizes for size <8.5> on input line 256.


LaTeX Font Warning: Font shape `OT1/cmr/m/n' in size <8.5> not available
(Font)              size <8> substituted on input line 256.


LaTeX Font Warning: Font shape `OT1/cmr/m/n' in size <4.25> not available
(Font)              size <5> substituted on input line 256.


LaTeX Font Warning: Font shape `OML/cmm/m/it' in size <8.5> not available
(Font)              size <8> substituted on input line 256.


LaTeX Font Warning: Font shape `OML/cmm/m/it' in size <4.25> not available
(Font)              size <5> substituted on input line 256.


LaTeX Font Warning: Font shape `OMS/cmsy/m/n' in size <8.5> not available
(Font)              size <8> substituted on input line 256.


LaTeX Font Warning: Font shape `OMS/cmsy/m/n' in size <4.25> not available
(Font)              size <5> substituted on input line 256.




Overfull \vbox (21.4162pt too high) has occurred while \output is active []


[2
pdfTeX warning (ext4): destination with the same identifier (name{table.A.2}) h
as been already used, duplicate ignored
<argument> ...shipout:D \box_use:N \l_shipout_box 
                                                  \__shipout_drop_firstpage_...
l.280 \]
        ]
LaTeX Font Info:    Trying to load font information for TS1+ppl on input line 2
95.
 (D:\Application\MiKTeX\tex/latex/psnfss\ts1ppl.fd
File: ts1ppl.fd 2001/06/04 font definitions for TS1/ppl.
)
<all_figures/fa4_classifier.pdf, id=162, 512.63011pt x 158.84784pt>
File: all_figures/fa4_classifier.pdf Graphic file (type pdf)
<use all_figures/fa4_classifier.pdf>
Package pdftex.def Info: all_figures/fa4_classifier.pdf  used on input line 335
.
(pdftex.def)             Requested size: 483.69684pt x 149.88173pt.



Overfull \vbox (21.51176pt too high) has occurred while \output is active []


[3
pdfTeX warning (ext4): destination with the same identifier (name{table.A.3}) h
as been already used, duplicate ignored
<argument> ...shipout:D \box_use:N \l_shipout_box 
                                                  \__shipout_drop_firstpage_...
l.370 
      ]


Overfull \vbox (21.4162pt too high) has occurred while \output is active []


[4
pdfTeX warning (ext4): destination with the same identifier (name{figure.A.1}) 
has been already used, duplicate ignored
<argument> ...shipout:D \box_use:N \l_shipout_box 
                                                  \__shipout_drop_firstpage_...
l.437 
       <./all_figures/fa4_classifier.pdf>]
<all_figures/fa3_supp_model.pdf, id=216, 445.59189pt x 229.8037pt>
File: all_figures/fa3_supp_model.pdf Graphic file (type pdf)
<use all_figures/fa3_supp_model.pdf>
Package pdftex.def Info: all_figures/fa3_supp_model.pdf  used on input line 519
.
(pdftex.def)             Requested size: 483.69684pt x 249.47118pt.


LaTeX Font Warning: Font shape `OT1/cmr/bx/n' in size <8.5> not available
(Font)              size <8> substituted on input line 526.


LaTeX Font Warning: Font shape `OT1/cmr/bx/n' in size <4.25> not available
(Font)              size <5> substituted on input line 526.




Overfull \vbox (21.51176pt too high) has occurred while \output is active []


[5] (supp_tables_auto.tex)


Overfull \vbox (21.51176pt too high) has occurred while \output is active []


[6
pdfTeX warning (ext4): destination with the same identifier (name{figure.B.1}) 
has been already used, duplicate ignored
<argument> ...shipout:D \box_use:N \l_shipout_box 
                                                  \__shipout_drop_firstpage_...
l.543 \FloatBarrier
                   
pdfTeX warning (ext4): destination with the same identifier (name{table.B.1}) h
as been already used, duplicate ignored
<argument> ...shipout:D \box_use:N \l_shipout_box 
                                                  \__shipout_drop_firstpage_...
l.543 \FloatBarrier
                    <./all_figures/fa3_supp_model.pdf>]


Overfull \vbox (21.4162pt too high) has occurred while \output is active []


[7
pdfTeX warning (ext4): destination with the same identifier (name{table.B.2}) h
as been already used, duplicate ignored
<argument> ...shipout:D \box_use:N \l_shipout_box 
                                                  \__shipout_drop_firstpage_...
l.543 \FloatBarrier
                   ]


Overfull \vbox (21.51176pt too high) has occurred while \output is active []


[8
pdfTeX warning (ext4): destination with the same identifier (name{table.B.3}) h
as been already used, duplicate ignored
<argument> ...shipout:D \box_use:N \l_shipout_box 
                                                  \__shipout_drop_firstpage_...
l.543 \FloatBarrier
                   
pdfTeX warning (ext4): destination with the same identifier (name{table.B.4}) h
as been already used, duplicate ignored
<argument> ...shipout:D \box_use:N \l_shipout_box 
                                                  \__shipout_drop_firstpage_...
l.543 \FloatBarrier
                   ]


Overfull \vbox (21.51176pt too high) has occurred while \output is active []


[9
pdfTeX warning (ext4): destination with the same identifier (name{table.B.5}) h
as been already used, duplicate ignored
<argument> ...shipout:D \box_use:N \l_shipout_box 
                                                  \__shipout_drop_firstpage_...
l.543 \FloatBarrier
                   
pdfTeX warning (ext4): destination with the same identifier (name{table.B.6}) h
as been already used, duplicate ignored
<argument> ...shipout:D \box_use:N \l_shipout_box 
                                                  \__shipout_drop_firstpage_...
l.543 \FloatBarrier
                   
pdfTeX warning (ext4): destination with the same identifier (name{table.B.7}) h
as been already used, duplicate ignored
<argument> ...shipout:D \box_use:N \l_shipout_box 
                                                  \__shipout_drop_firstpage_...
l.543 \FloatBarrier
                   ]


Overfull \vbox (21.51176pt too high) has occurred while \output is active []


[10
pdfTeX warning (ext4): destination with the same identifier (name{table.B.8}) h
as been already used, duplicate ignored
<argument> ...shipout:D \box_use:N \l_shipout_box 
                                                  \__shipout_drop_firstpage_...
l.543 \FloatBarrier
                   
pdfTeX warning (ext4): destination with the same identifier (name{table.B.9}) h
as been already used, duplicate ignored
<argument> ...shipout:D \box_use:N \l_shipout_box 
                                                  \__shipout_drop_firstpage_...
l.543 \FloatBarrier
                   ]


Overfull \vbox (21.4162pt too high) has occurred while \output is active []


[11
pdfTeX warning (ext4): destination with the same identifier (name{table.B.10}) 
has been already used, duplicate ignored
<argument> ...shipout:D \box_use:N \l_shipout_box 
                                                  \__shipout_drop_firstpage_...
l.543 \FloatBarrier
                   
pdfTeX warning (ext4): destination with the same identifier (name{table.B.11}) 
has been already used, duplicate ignored
<argument> ...shipout:D \box_use:N \l_shipout_box 
                                                  \__shipout_drop_firstpage_...
l.543 \FloatBarrier
                   
pdfTeX warning (ext4): destination with the same identifier (name{table.B.12}) 
has been already used, duplicate ignored
<argument> ...shipout:D \box_use:N \l_shipout_box 
                                                  \__shipout_drop_firstpage_...
l.543 \FloatBarrier
                   
pdfTeX warning (ext4): destination with the same identifier (name{table.B.13}) 
has been already used, duplicate ignored
<argument> ...shipout:D \box_use:N \l_shipout_box 
                                                  \__shipout_drop_firstpage_...
l.543 \FloatBarrier
                   ] (egt_tables_auto.tex)


Overfull \vbox (21.4162pt too high) has occurred while \output is active []


[12

]


Overfull \vbox (21.51176pt too high) has occurred while \output is active []


[13
pdfTeX warning (ext4): destination with the same identifier (name{table.C.1}) h
as been already used, duplicate ignored
<argument> ...shipout:D \box_use:N \l_shipout_box 
                                                  \__shipout_drop_firstpage_...
l.641 \subsection{Comparison with the corpus}
                                             \label{appendix:egt_vs_llm}
pdfTeX warning (ext4): destination with the same identifier (name{table.C.2}) h
as been already used, duplicate ignored
<argument> ...shipout:D \box_use:N \l_shipout_box 
                                                  \__shipout_drop_firstpage_...
l.641 \subsection{Comparison with the corpus}
                                             \label{appendix:egt_vs_llm}
pdfTeX warning (ext4): destination with the same identifier (name{table.C.3}) h
as been already used, duplicate ignored
<argument> ...shipout:D \box_use:N \l_shipout_box 
                                                  \__shipout_drop_firstpage_...
l.641 \subsection{Comparison with the corpus}
                                             \label{appendix:egt_vs_llm}]
<all_figures/fa2_egt_vs_llm.pdf, id=341, 434.92624pt x 225.48727pt>
File: all_figures/fa2_egt_vs_llm.pdf Graphic file (type pdf)
<use all_figures/fa2_egt_vs_llm.pdf>
Package pdftex.def Info: all_figures/fa2_egt_vs_llm.pdf  used on input line 700
.
(pdftex.def)             Requested size: 483.69684pt x 250.7824pt.
<all_figures/fa1_egt_grid.pdf, id=342, 447.15479pt x 199.35983pt>
File: all_figures/fa1_egt_grid.pdf Graphic file (type pdf)
<use all_figures/fa1_egt_grid.pdf>
Package pdftex.def Info: all_figures/fa1_egt_grid.pdf  used on input line 714.
(pdftex.def)             Requested size: 483.69684pt x 215.66435pt.



Overfull \vbox (21.4162pt too high) has occurred while \output is active []


[14
pdfTeX warning (ext4): destination with the same identifier (name{table.C.4}) h
as been already used, duplicate ignored
<argument> ...shipout:D \box_use:N \l_shipout_box 
                                                  \__shipout_drop_firstpage_...
l.771 
      ]


Overfull \vbox (21.51176pt too high) has occurred while \output is active []


[15
pdfTeX warning (ext4): destination with the same identifier (name{figure.C.1}) 
has been already used, duplicate ignored
<argument> ...shipout:D \box_use:N \l_shipout_box 
                                                  \__shipout_drop_firstpage_...
l.771 
      
pdfTeX warning (ext4): destination with the same identifier (name{figure.C.2}) 
has been already used, duplicate ignored
<argument> ...shipout:D \box_use:N \l_shipout_box 
                                                  \__shipout_drop_firstpage_...
l.771 
       <./all_figures/fa2_egt_vs_llm.pdf> <./all_figures/fa1_egt_grid.pdf>]


Overfull \vbox (21.51176pt too high) has occurred while \output is active []


[16] Setting LastPage


Overfull \vbox (21.4162pt too high) has occurred while \output is active []


[17] (appendix.aux)
 ***********
LaTeX2e <2025-06-01>
L3 programming layer <2026-04-28>
 ***********


LaTeX Font Warning: Size substitutions with differences
(Font)              up to 0.75pt have occurred.


LaTeX Warning: There were multiply-defined labels.

Package rerunfilecheck Info: File `appendix.out' has not changed.
(rerunfilecheck)             Checksum: 93DD487FD870E42CA58BDF883BB59716;7282.
Package logreq Info: Writing requests to 'appendix.run.xml'.
\openout1 = `appendix.run.xml'.

 ) 
Here is how much of TeX's memory you used:
 21756 strings out of 467830
 389230 string characters out of 5438750
 1305316 words of memory out of 5000000
 50231 multiletter control sequences out of 15000+600000
 670392 words of font info for 117 fonts, out of 8000000 for 9000
 1151 hyphenation exceptions out of 8191
 89i,12n,93p,1704b,1438s stack positions out of 10000i,1000n,20000p,200000b,200000s
<D:/Application/MiKTeX/fonts/type1/public/amsfonts/cm/cmbx9.pfb><D:/Applicati
on/MiKTeX/fonts/type1/public/amsfonts/cmextra/cmex9.pfb><D:/Application/MiKTeX/
fonts/type1/public/amsfonts/cm/cmmi7.pfb><D:/Application/MiKTeX/fonts/type1/pub
lic/amsfonts/cm/cmmi8.pfb><D:/Application/MiKTeX/fonts/type1/public/amsfonts/cm
/cmmi9.pfb><D:/Application/MiKTeX/fonts/type1/public/amsfonts/cm/cmr7.pfb><D:/A
pplication/MiKTeX/fonts/type1/public/amsfonts/cm/cmr8.pfb><D:/Application/MiKTe
X/fonts/type1/public/amsfonts/cm/cmr9.pfb><D:/Application/MiKTeX/fonts/type1/pu
blic/amsfonts/cm/cmsy7.pfb><D:/Application/MiKTeX/fonts/type1/public/amsfonts/c
m/cmsy8.pfb><D:/Application/MiKTeX/fonts/type1/public/amsfonts/cm/cmsy9.pfb><D:
/Application/MiKTeX/fonts/type1/public/amsfonts/symbols/msbm10.pfb><D:/Applicat
ion/MiKTeX/fonts/type1/urw/courier/ucrr8a.pfb><D:/Application/MiKTeX/fonts/type
1/urw/helvetic/uhvb8a.pfb><D:/Application/MiKTeX/fonts/type1/urw/helvetic/uhvr8
a.pfb><D:/Application/MiKTeX/fonts/type1/urw/palatino/uplb8a.pfb><D:/Applicatio
n/MiKTeX/fonts/type1/urw/palatino/uplr8a.pfb><D:/Application/MiKTeX/fonts/type1
/urw/palatino/uplri8a.pfb>
Output written on appendix.pdf (17 pages, 533190 bytes).
PDF statistics:
 580 PDF objects out of 1000 (max. 8388607)
 95 named destinations out of 1000 (max. 500000)
 261 words of extra memory for PDF output out of 10000 (max. 10000000)

